DROP DATABASE IF EXISTS DB2018009216;
CREATE DATABASE IF NOT EXISTS DB2018009216;
USE DB2018009216;

-- MySQL dump 10.13  Distrib 8.0.30, for macos12 (x86_64)
--
-- Host: localhost    Database: DB2018009216
-- ------------------------------------------------------
-- Server version	8.0.30

/*!40101 SET @OLD_CHARACTER_SET_CLIENT=@@CHARACTER_SET_CLIENT */;
/*!40101 SET @OLD_CHARACTER_SET_RESULTS=@@CHARACTER_SET_RESULTS */;
/*!40101 SET @OLD_COLLATION_CONNECTION=@@COLLATION_CONNECTION */;
/*!50503 SET NAMES utf8 */;
/*!40103 SET @OLD_TIME_ZONE=@@TIME_ZONE */;
/*!40103 SET TIME_ZONE='+00:00' */;
/*!40014 SET @OLD_UNIQUE_CHECKS=@@UNIQUE_CHECKS, UNIQUE_CHECKS=0 */;
/*!40014 SET @OLD_FOREIGN_KEY_CHECKS=@@FOREIGN_KEY_CHECKS, FOREIGN_KEY_CHECKS=0 */;
/*!40101 SET @OLD_SQL_MODE=@@SQL_MODE, SQL_MODE='NO_AUTO_VALUE_ON_ZERO' */;
/*!40111 SET @OLD_SQL_NOTES=@@SQL_NOTES, SQL_NOTES=0 */;

--
-- Table structure for table `building`
--

DROP TABLE IF EXISTS `building`;
/*!40101 SET @saved_cs_client     = @@character_set_client */;
/*!50503 SET character_set_client = utf8mb4 */;
CREATE TABLE `building` (
  `building_id` int NOT NULL,
  `name` varchar(20) DEFAULT NULL,
  `admin` varchar(20) DEFAULT NULL,
  `rooms` int DEFAULT NULL,
  PRIMARY KEY (`building_id`)
) ENGINE=InnoDB DEFAULT CHARSET=utf8mb4 COLLATE=utf8mb4_0900_ai_ci;
/*!40101 SET character_set_client = @saved_cs_client */;

--
-- Dumping data for table `building`
--

LOCK TABLES `building` WRITE;
/*!40000 ALTER TABLE `building` DISABLE KEYS */;
INSERT INTO `building` VALUES (208,'FTC','공과building대학',7),(211,'제 2공학관','공과대학',23),(212,'제 1공학관','공과대학',34),(304,'산학기술관','공과대학',13),(305,'IT / BT','공과대학',19),(306,'올림픽 체육관','예술학부',5),(401,'생활과학관','인문과학',20),(407,'제 1법학관','법과대학',10),(408,'제 2법학관','법과대학',13),(504,'사회과학관','사회과학',13),(507,'자연과학관','자연과학',18),(604,'제 1의학관','의과대학',9),(618,'의대계단 강의동','의과대학',15);
/*!40000 ALTER TABLE `building` ENABLE KEYS */;
UNLOCK TABLES;
/*!40103 SET TIME_ZONE=@OLD_TIME_ZONE */;

/*!40101 SET SQL_MODE=@OLD_SQL_MODE */;
/*!40014 SET FOREIGN_KEY_CHECKS=@OLD_FOREIGN_KEY_CHECKS */;
/*!40014 SET UNIQUE_CHECKS=@OLD_UNIQUE_CHECKS */;
/*!40101 SET CHARACTER_SET_CLIENT=@OLD_CHARACTER_SET_CLIENT */;
/*!40101 SET CHARACTER_SET_RESULTS=@OLD_CHARACTER_SET_RESULTS */;
/*!40101 SET COLLATION_CONNECTION=@OLD_COLLATION_CONNECTION */;
/*!40111 SET SQL_NOTES=@OLD_SQL_NOTES */;

-- Dump completed on 2022-11-08 20:10:56

-- MySQL dump 10.13  Distrib 8.0.30, for macos12 (x86_64)
--
-- Host: localhost    Database: DB2018009216
-- ------------------------------------------------------
-- Server version	8.0.30

/*!40101 SET @OLD_CHARACTER_SET_CLIENT=@@CHARACTER_SET_CLIENT */;
/*!40101 SET @OLD_CHARACTER_SET_RESULTS=@@CHARACTER_SET_RESULTS */;
/*!40101 SET @OLD_COLLATION_CONNECTION=@@COLLATION_CONNECTION */;
/*!50503 SET NAMES utf8 */;
/*!40103 SET @OLD_TIME_ZONE=@@TIME_ZONE */;
/*!40103 SET TIME_ZONE='+00:00' */;
/*!40014 SET @OLD_UNIQUE_CHECKS=@@UNIQUE_CHECKS, UNIQUE_CHECKS=0 */;
/*!40014 SET @OLD_FOREIGN_KEY_CHECKS=@@FOREIGN_KEY_CHECKS, FOREIGN_KEY_CHECKS=0 */;
/*!40101 SET @OLD_SQL_MODE=@@SQL_MODE, SQL_MODE='NO_AUTO_VALUE_ON_ZERO' */;
/*!40111 SET @OLD_SQL_NOTES=@@SQL_NOTES, SQL_NOTES=0 */;

--
-- Table structure for table `class`
--

DROP TABLE IF EXISTS `class`;
/*!40101 SET @saved_cs_client     = @@character_set_client */;
/*!50503 SET character_set_client = utf8mb4 */;
CREATE TABLE `class` (
  `class_id` int NOT NULL,
  `class_no` int DEFAULT NULL,
  `course_id` text,
  `name` text,
  `major_id` int DEFAULT NULL,
  `year` int DEFAULT NULL,
  `credit` int DEFAULT NULL,
  `lecturer_id` int DEFAULT NULL,
  `person_cur` int DEFAULT '0',
  `person_max` int DEFAULT NULL,
  `opened` int DEFAULT NULL,
  `room_id` int DEFAULT NULL,
  PRIMARY KEY (`class_id`)
) ENGINE=InnoDB DEFAULT CHARSET=utf8mb4 COLLATE=utf8mb4_0900_ai_ci;
/*!40101 SET character_set_client = @saved_cs_client */;

--
-- Dumping data for table `class`
--

LOCK TABLES `class` WRITE;
/*!40000 ALTER TABLE `class` DISABLE KEYS */;
INSERT INTO `class` VALUES (8832,10004,'CIE3032','지반공학및실험',1,2,3,2001032031,1,48,2022,163),(8833,10005,'CIE3033','건설경제학',1,1,3,2001032065,0,25,2022,101),(8834,10007,'CIE4011','수리학및실험',1,1,3,2001001002,17,18,2022,7),(8835,10009,'CIE4047','수공구조물설계',1,4,3,2001032032,3,38,2022,65),(8836,10010,'CIE4058','구조동역학',1,3,3,2001032066,1,25,2022,148),(8837,10012,'CIE4065','유비쿼터스첨단건설공학',1,1,3,2001011003,1,5,2022,153),(8838,10013,'CIE4068','건설환경공학종합설계2',1,4,3,2001032033,1,39,2022,82),(8839,10014,'COE3053','공업수학3',1,3,3,2001032067,0,25,2022,92),(8840,10015,'EEC3005','상하수도공학',1,3,3,2001011004,0,6,2022,107),(8841,10016,'GEN6095','전공현장실습2',1,3,3,2001032034,6,36,2022,156),(8842,10017,'MME3026','암반공학',1,3,3,2001032068,0,25,2022,91),(8843,10020,'CSE4006','소프트웨어공학',2,3,3,2001021002,9,7,2022,85),(8844,10022,'GEN6095','전공현장실습2',2,3,3,2001032035,0,30,2022,88),(8845,10025,'ITE3068','소프트웨어스튜디오2',2,3,3,2001032069,2,25,2022,117),(8846,10027,'ITE3070','전공멘토링6',2,3,1,2001031001,2,8,2022,99),(8847,10029,'CSE4006','소프트웨어공학',3,3,3,2001032036,0,33,2022,36),(8848,10030,'CSE4006','소프트웨어공학',3,3,3,2001032070,0,25,2022,193),(8849,10031,'ELE3020','컴퓨터구조2',3,3,3,2001032003,1,9,2022,12),(8850,10033,'ELE4029','컴파일러',3,3,3,2001032037,4,37,2022,76),(8851,10035,'ENE4019','컴퓨터네트워크',3,3,3,2001032071,5,25,2022,54),(8852,10036,'ENE4019','컴퓨터네트워크',3,3,3,2001032004,0,10,2022,11),(8853,10037,'GEN6006','특허법의이해',3,3,2,2001032038,7,33,2022,137),(8854,10038,'GEN6006','특허법의이해',3,3,2,2001032072,0,25,2022,6),(8855,10041,'ITE3016','데이터베이스시스템',3,2,3,2001021002,5,11,2022,1),(8856,10042,'ITE3016','데이터베이스시스템',3,2,3,2001032035,0,33,2022,2),(8857,10043,'ITE3060','시스템프로그램설계2',3,3,2,2001032073,0,25,2022,66),(8858,10045,'MAT3008','수치해석',3,3,3,2001032006,2,12,2022,172),(8859,10051,'ECL3005','임베디드제어시스템',4,3,3,2001032040,2,31,2022,194),(8860,10052,'ECL3007','플라즈마공학2',4,2,3,2001032074,1,25,2022,106),(8861,10055,'ECL4009','피드백시스템',4,4,3,2001032007,1,13,2022,80),(8862,10056,'ECL4010','차량전자제어',4,4,3,2001032041,4,31,2022,47),(8863,10057,'ECL4011','전동력제어',4,4,3,2001032075,0,25,2022,158),(8864,10058,'ECL4013','전기공학종합설계2',4,4,3,2001032008,0,14,2022,69),(8865,10059,'ECL4014','산업플라즈마공학',4,4,3,2001032042,1,34,2022,59),(8866,10060,'ECL4015','전력전자제어',4,4,3,2001032076,0,25,2022,168),(8867,10061,'ECL4018','전기공학세미나',4,1,3,2001032009,0,15,2022,12),(8868,10062,'ELE3004','제어공학',4,3,3,2001032043,0,38,2022,143),(8869,10063,'ELE3013','전기기기',4,3,3,2001032077,0,25,2022,33),(8870,10065,'ELE4019','전력시스템공학',4,3,3,2001032010,0,16,2022,124),(8871,10066,'ELE4025','펄스파워공학',4,3,3,2001032044,1,50,2022,51),(8872,10067,'GEN5026','테크노경영학',4,3,3,2001032078,0,25,2022,186),(8873,10072,'ARE3009','건축구조역학2',5,2,3,2001032011,0,17,2022,4),(8874,10073,'ARE3069','건설사업관리1',5,1,3,2001032045,0,30,2022,151),(8875,10074,'ARE4014','건축구조계획',5,4,3,2001032079,3,25,2022,111),(8876,10075,'ARE4020','건축공학실험',5,4,3,2001032012,0,18,2022,113),(8877,10076,'ARE4022','건축음향',5,3,3,2001032046,0,30,2022,109),(8878,10077,'ARE4026','환경과생태건축',5,1,3,2001032080,3,25,2022,18),(8879,10078,'ARE4030','전기회로및조명시스템',5,4,3,2001032013,1,19,2022,183),(8880,10079,'ARE5013','건축종합설계2',5,2,3,2001032047,1,30,2022,16),(8881,10080,'ARE5032','공학프로젝트및현장실습2',5,4,3,2001032081,2,25,2022,173),(8882,10081,'CIE2007','측량학',5,4,3,2001032014,1,20,2022,147),(8883,10082,'CIE3070','철근콘크리트구조2',5,3,3,2001032048,0,30,2022,145),(8884,10083,'GEN6095','전공현장실습2',5,3,3,2001032082,0,25,2022,50),(8885,10084,'MAT3008','수치해석',5,3,3,2001032015,0,21,2022,152),(8886,10086,'CHE1015','기능성고분자',6,4,3,2001032049,0,30,2022,68),(8887,10087,'CHE3006','화공열역학2',6,2,3,2001032083,0,25,2022,192),(8888,10088,'CHE3012','물질전달',6,3,3,2001032016,2,22,2022,93),(8889,10089,'CHE4053','유기소자공학',6,4,3,2001032050,0,30,2022,40),(8890,10090,'CHE4054','화학공학종합설계2(URIP)',6,4,3,2001032084,0,25,2022,197),(8891,10091,'CHM3066','화공기초실험',6,3,2,2001032017,2,23,2022,84),(8892,10092,'CHM3078','촉매반응공학',6,3,3,2001032051,0,30,2022,115),(8893,10093,'CHM4001','기기분석',6,2,3,2001032085,0,25,2022,70),(8894,10094,'CHM4013','고분자물성',6,3,3,2001032018,6,24,2022,182),(8895,10096,'CHM4083','나노화학공학',6,4,3,2001032052,0,30,2022,8),(8897,10099,'CME4002','화공전산설계',6,4,3,2001032019,1,25,2022,31),(8898,10100,'COE1011','실용공학연구2',6,3,1,2001032053,1,30,2022,13),(8900,10102,'GEN3052','환경공학',6,1,3,2001032020,1,26,2022,164),(8901,10103,'GEN5026','테크노경영학',6,3,3,2001032054,0,30,2022,75),(8903,10105,'MEE4001','열전달',6,3,3,2001032021,1,27,2022,10),(8904,10108,'BIO2022','세포생물학',7,3,3,2001032055,0,30,2022,138),(8906,10112,'BTN4005','생물나노소재',7,4,3,2001032022,1,28,2022,167),(8907,10113,'BTN4009','응용유전학',7,4,3,2001032056,0,30,2022,157),(8909,10115,'BTN4012','공학종합설계2(URIP)',7,4,1,2001032023,2,29,2022,103),(8910,10117,'COE1011','실용공학연구2',7,3,1,2001032057,0,30,2022,133),(8912,10119,'DBC3018','미생물학',7,3,3,2001032024,3,30,2022,199),(8913,10120,'GEN5026','테크노경영학',7,3,3,2001032058,0,30,2022,116),(8915,10124,'GEN6095','전공현장실습2',8,3,3,2001032025,0,31,2022,72),(8916,10125,'ICH4022','고분자재료',8,3,3,2001032059,1,30,2022,127),(8918,10131,'ONE4004','유기나노공학종합설계2',8,4,3,2001032026,4,32,2022,41),(8919,10132,'ONE4005','전공세미나(유기나노공학)URIP',8,4,3,2001032060,0,30,2022,60),(8921,10135,'ONE4011','유기전자소재나노공정',8,4,3,2001032027,3,33,2022,122),(8922,10140,'TXE4065','고분자구조',8,4,3,2001032061,0,30,2022,17),(8924,10142,'CHM4013','고분자물성',9,3,3,2001032028,0,34,2022,90),(8925,10144,'EGY3001','재료물성학',9,3,3,2001032062,0,30,2022,179),(8927,10147,'EGY4013','에너지공학종합설계2',9,4,3,2001032029,4,35,2022,170),(8928,10148,'EGY4016','나노바이오에너지소재',9,4,3,2001032063,0,30,2022,128),(8930,10150,'EGY4019','에너지유기소재',9,1,3,2001032030,4,36,2022,134),(8931,10151,'GEN5026','테크노경영학',9,3,3,2001032064,0,25,2022,160),(9999,10333,'CIE7077','테스트',1,2,3,2001001001,0,120,2022,1),(88311,10003,'CIE3022','철근콘크리트구조설계',1,1,3,2001001001,0,25,2021,169),(88312,10003,'CIE3022','철근콘크리트구조설계',1,1,3,2001001001,0,22,2020,169),(88313,10003,'CIE3022','철근콘크리트구조설계',1,1,3,2001001001,0,34,2019,169),(88321,10004,'CIE3032','지반공학및실험',1,2,3,2001032031,0,37,2021,163),(88322,10004,'CIE3032','지반공학및실험',1,2,3,2001032031,0,34,2020,163),(88323,10004,'CIE3032','지반공학및실험',1,2,3,2001032031,0,37,2019,163),(88331,10005,'CIE3033','건설경제학',1,1,3,2001032065,0,35,2021,101),(88332,10005,'CIE3033','건설경제학',1,1,3,2001032065,0,27,2020,101),(88333,10005,'CIE3033','건설경제학',1,1,3,2001032065,0,2,2019,101),(88341,10007,'CIE4011','수리학및실험',1,1,3,2001001002,0,25,2021,7),(88342,10007,'CIE4011','수리학및실험',1,1,3,2001001002,0,28,2020,7),(88343,10007,'CIE4011','수리학및실험',1,1,3,2001001002,0,32,2019,6),(88351,10009,'CIE4047','수공구조물설계',1,4,3,2001032032,0,38,2021,65),(88352,10009,'CIE4047','수공구조물설계',1,4,3,2001032032,0,23,2020,65),(88353,10009,'CIE4047','수공구조물설계',1,4,3,2001032032,0,38,2019,65),(88361,10010,'CIE4058','구조동역학',1,3,3,2001032066,0,25,2021,148),(88362,10010,'CIE4058','구조동역학',1,3,3,2001032066,0,36,2020,148),(88363,10010,'CIE4058','구조동역학',1,3,3,2001032066,0,3,2019,148),(88371,10012,'CIE4065','유비쿼터스첨단건설공학',1,1,3,2001011003,0,25,2021,153),(88372,10012,'CIE4065','유비쿼터스첨단건설공학',1,1,3,2001011003,0,33,2020,153),(88373,10012,'CIE4065','유비쿼터스첨단건설공학',1,1,3,2001011003,0,26,2019,153),(88381,10013,'CIE4068','건설환경공학종합설계2',1,4,3,2001032033,0,29,2021,82),(88382,10013,'CIE4068','건설환경공학종합설계2',1,4,3,2001032033,0,36,2020,82),(88383,10013,'CIE4068','건설환경공학종합설계2',1,4,3,2001032033,0,39,2019,82),(88391,10014,'COE3053','공업수학3',1,3,3,2001032067,0,25,2021,92),(88392,10014,'COE3053','공업수학3',1,3,3,2001032067,0,36,2020,92),(88393,10014,'COE3053','공업수학3',1,3,3,2001032067,0,4,2019,92),(88401,10015,'EEC3005','상하수도공학',1,3,3,2001011004,0,25,2021,107),(88402,10015,'EEC3005','상하수도공학',1,3,3,2001011004,0,38,2020,107),(88403,10015,'EEC3005','상하수도공학',1,3,3,2001011004,0,27,2019,107),(88411,10016,'GEN6095','전공현장실습2',1,3,3,2001032034,0,40,2021,50),(88412,10016,'GEN6095','전공현장실습2',1,3,3,2001032034,0,32,2020,14),(88413,10016,'GEN6095','전공현장실습2',1,3,3,2001032034,0,40,2019,60),(88421,10017,'MME3026','암반공학',1,3,3,2001032068,0,35,2021,91),(88422,10017,'MME3026','암반공학',1,3,3,2001032068,0,29,2020,91),(88423,10017,'MME3026','암반공학',1,3,3,2001032068,0,5,2019,91),(88431,10020,'CSE4006','소프트웨어공학',2,3,3,2001021002,0,25,2021,19),(88432,10020,'CSE4006','소프트웨어공학',2,3,3,2001021002,0,20,2020,83),(88433,10020,'CSE4006','소프트웨어공학',2,3,3,2001021002,0,26,2019,110),(88441,10022,'GEN6095','전공현장실습2',2,3,3,2001032035,0,29,2021,50),(88442,10022,'GEN6095','전공현장실습2',2,3,3,2001032035,0,31,2020,80),(88443,10022,'GEN6095','전공현장실습2',2,3,3,2001032035,0,34,2019,157),(88451,10025,'ITE3068','소프트웨어스튜디오2',2,3,3,2001032069,0,29,2021,3),(88452,10025,'ITE3068','소프트웨어스튜디오2',2,3,3,2001032069,0,24,2020,2),(88453,10025,'ITE3068','소프트웨어스튜디오2',2,3,3,2001032069,0,6,2019,3),(88461,10027,'ITE3070','전공멘토링6',2,3,1,2001031001,0,25,2021,99),(88462,10027,'ITE3070','전공멘토링6',2,3,1,2001031001,0,19,2020,99),(88463,10027,'ITE3070','전공멘토링6',2,3,1,2001031001,0,22,2019,99),(88471,10029,'CSE4006','소프트웨어공학',3,3,3,2001032036,0,33,2021,18),(88472,10029,'CSE4006','소프트웨어공학',3,3,3,2001032036,0,32,2020,14),(88473,10029,'CSE4006','소프트웨어공학',3,3,3,2001032036,0,30,2019,113),(88481,10030,'CSE4006','소프트웨어공학',3,3,3,2001032070,0,19,2021,75),(88482,10030,'CSE4006','소프트웨어공학',3,3,3,2001032070,0,29,2020,112),(88483,10030,'CSE4006','소프트웨어공학',3,3,3,2001032070,0,7,2019,118),(88491,10031,'ELE3020','컴퓨터구조2',3,3,3,2001032003,0,25,2021,12),(88492,10031,'ELE3020','컴퓨터구조2',3,3,3,2001032003,0,28,2020,12),(88493,10031,'ELE3020','컴퓨터구조2',3,3,3,2001032003,0,39,2019,12),(88501,10033,'ELE4029','컴파일러',3,3,3,2001032037,0,33,2021,76),(88502,10033,'ELE4029','컴파일러',3,3,3,2001032037,0,40,2020,76),(88503,10033,'ELE4029','컴파일러',3,3,3,2001032037,0,34,2019,76),(88511,10035,'ENE4019','컴퓨터네트워크',3,3,3,2001032071,0,34,2021,18),(88512,10035,'ENE4019','컴퓨터네트워크',3,3,3,2001032071,0,23,2020,108),(88513,10035,'ENE4019','컴퓨터네트워크',3,3,3,2001032071,0,8,2019,90),(88521,10036,'ENE4019','컴퓨터네트워크',3,3,3,2001032004,0,25,2021,13),(88522,10036,'ENE4019','컴퓨터네트워크',3,3,3,2001032004,0,27,2020,114),(88523,10036,'ENE4019','컴퓨터네트워크',3,3,3,2001032004,0,10,2019,108),(88531,10037,'GEN6006','특허법의이해',3,3,2,2001032038,0,35,2021,6),(88532,10037,'GEN6006','특허법의이해',3,3,2,2001032038,0,21,2020,6),(88533,10037,'GEN6006','특허법의이해',3,3,2,2001032038,0,38,2019,6),(88541,10038,'GEN6006','특허법의이해',3,3,2,2001032072,0,30,2021,6),(88542,10038,'GEN6006','특허법의이해',3,3,2,2001032072,0,24,2020,6),(88543,10038,'GEN6006','특허법의이해',3,3,2,2001032072,0,9,2019,6),(88551,10041,'ITE3016','데이터베이스시스템',3,2,3,2001032036,0,25,2021,3),(88552,10041,'ITE3016','데이터베이스시스템',3,2,3,2001021002,0,32,2020,5),(88553,10041,'ITE3016','데이터베이스시스템',3,2,3,2001032005,0,11,2019,7),(88561,10042,'ITE3016','데이터베이스시스템',3,2,3,2001032039,0,32,2021,4),(88562,10042,'ITE3016','데이터베이스시스템',3,2,3,2001032036,0,28,2020,6),(88563,10042,'ITE3016','데이터베이스시스템',3,2,3,2001032035,0,37,2019,11),(88571,10043,'ITE3060','시스템프로그램설계2',3,3,2,2001032073,0,34,2021,5),(88572,10043,'ITE3060','시스템프로그램설계2',3,3,2,2001032073,0,30,2020,5),(88573,10043,'ITE3060','시스템프로그램설계2',3,3,2,2001032073,0,10,2019,5),(88581,10045,'MAT3008','수치해석',3,3,3,2001032006,0,25,2021,10),(88582,10045,'MAT3008','수치해석',3,3,3,2001032006,0,29,2020,87),(88583,10045,'MAT3008','수치해석',3,3,3,2001032006,0,12,2019,107),(88591,10051,'ECL3005','임베디드제어시스템',4,3,3,2001032040,0,25,2021,194),(88592,10051,'ECL3005','임베디드제어시스템',4,3,3,2001032040,0,35,2020,194),(88593,10051,'ECL3005','임베디드제어시스템',4,3,3,2001032040,0,32,2019,194),(88601,10052,'ECL3007','플라즈마공학2',4,2,3,2001032074,0,38,2021,106),(88602,10052,'ECL3007','플라즈마공학2',4,2,3,2001032074,0,20,2020,106),(88603,10052,'ECL3007','플라즈마공학2',4,2,3,2001032074,0,11,2019,106),(88611,10055,'ECL4009','피드백시스템',4,4,3,2001032007,0,25,2021,80),(88612,10055,'ECL4009','피드백시스템',4,4,3,2001032007,0,22,2020,80),(88613,10055,'ECL4009','피드백시스템',4,4,3,2001032007,0,13,2019,80),(88621,10056,'ECL4010','차량전자제어',4,4,3,2001032041,0,36,2021,47),(88622,10056,'ECL4010','차량전자제어',4,4,3,2001032041,0,32,2020,47),(88623,10056,'ECL4010','차량전자제어',4,4,3,2001032041,0,32,2019,47),(88631,10057,'ECL4011','전동력제어',4,4,3,2001032075,0,37,2021,158),(88632,10057,'ECL4011','전동력제어',4,4,3,2001032075,0,38,2020,158),(88633,10057,'ECL4011','전동력제어',4,4,3,2001032075,0,12,2019,158),(88641,10058,'ECL4013','전기공학종합설계2',4,4,3,2001032008,0,25,2021,69),(88642,10058,'ECL4013','전기공학종합설계2',4,4,3,2001032008,0,18,2020,69),(88643,10058,'ECL4013','전기공학종합설계2',4,4,3,2001032008,0,14,2019,69),(88651,10059,'ECL4014','산업플라즈마공학',4,4,3,2001032042,0,33,2021,59),(88652,10059,'ECL4014','산업플라즈마공학',4,4,3,2001032042,0,40,2020,59),(88653,10059,'ECL4014','산업플라즈마공학',4,4,3,2001032042,0,18,2019,59),(88661,10060,'ECL4015','전력전자제어',4,4,3,2001032076,0,32,2021,168),(88662,10060,'ECL4015','전력전자제어',4,4,3,2001032076,0,39,2020,168),(88663,10060,'ECL4015','전력전자제어',4,4,3,2001032076,0,13,2019,168),(88671,10061,'ECL4018','전기공학세미나',4,1,3,2001032009,0,25,2021,12),(88672,10061,'ECL4018','전기공학세미나',4,1,3,2001032009,0,27,2020,12),(88673,10061,'ECL4018','전기공학세미나',4,1,3,2001032009,0,15,2019,12),(88681,10062,'ELE3004','제어공학',4,3,3,2001032043,0,21,2021,143),(88682,10062,'ELE3004','제어공학',4,3,3,2001032043,0,24,2020,143),(88683,10062,'ELE3004','제어공학',4,3,3,2001032043,0,37,2019,143),(88691,10063,'ELE3013','전기기기',4,3,3,2001032077,0,32,2021,33),(88692,10063,'ELE3013','전기기기',4,3,3,2001032077,0,34,2020,33),(88693,10063,'ELE3013','전기기기',4,3,3,2001032077,0,14,2019,33),(88701,10065,'ELE4019','전력시스템공학',4,3,3,2001032010,0,25,2021,124),(88702,10065,'ELE4019','전력시스템공학',4,3,3,2001032010,0,35,2020,124),(88703,10065,'ELE4019','전력시스템공학',4,3,3,2001032010,0,16,2019,124),(88711,10066,'ELE4025','펄스파워공학',4,3,3,2001032044,0,23,2021,51),(88712,10066,'ELE4025','펄스파워공학',4,3,3,2001032044,0,20,2020,51),(88713,10066,'ELE4025','펄스파워공학',4,3,3,2001032044,0,34,2019,51),(88721,10067,'GEN5026','테크노경영학',4,3,3,2001032078,0,18,2021,75),(88722,10067,'GEN5026','테크노경영학',4,3,3,2001032078,0,37,2020,136),(88723,10067,'GEN5026','테크노경영학',4,3,3,2001032078,0,15,2019,136),(88731,10072,'ARE3009','건축구조역학2',5,2,3,2001032011,0,25,2021,4),(88732,10072,'ARE3009','건축구조역학2',5,2,3,2001032011,0,38,2020,4),(88733,10072,'ARE3009','건축구조역학2',5,2,3,2001032011,0,17,2019,4),(88741,10073,'ARE3069','건설사업관리1',5,1,3,2001032045,0,30,2021,151),(88742,10073,'ARE3069','건설사업관리1',5,1,3,2001032045,0,29,2020,151),(88743,10073,'ARE3069','건설사업관리1',5,1,3,2001032045,0,34,2019,151),(88751,10074,'ARE4014','건축구조계획',5,4,3,2001032079,0,37,2021,111),(88752,10074,'ARE4014','건축구조계획',5,4,3,2001032079,0,35,2020,111),(88753,10074,'ARE4014','건축구조계획',5,4,3,2001032079,0,16,2019,111),(88761,10075,'ARE4020','건축공학실험',5,4,3,2001032012,0,25,2021,113),(88762,10075,'ARE4020','건축공학실험',5,4,3,2001032012,0,18,2020,113),(88763,10075,'ARE4020','건축공학실험',5,4,3,2001032012,0,18,2019,113),(88771,10076,'ARE4022','건축음향',5,3,3,2001032046,0,35,2021,109),(88772,10076,'ARE4022','건축음향',5,3,3,2001032046,0,22,2020,109),(88773,10076,'ARE4022','건축음향',5,3,3,2001032046,0,30,2019,109),(88781,10077,'ARE4026','환경과생태건축',5,1,3,2001032080,0,34,2021,18),(88782,10077,'ARE4026','환경과생태건축',5,1,3,2001032080,0,31,2020,18),(88783,10077,'ARE4026','환경과생태건축',5,1,3,2001032080,0,17,2019,18),(88791,10078,'ARE4030','전기회로및조명시스템',5,4,3,2001032013,0,25,2021,183),(88792,10078,'ARE4030','전기회로및조명시스템',5,4,3,2001032013,0,28,2020,183),(88793,10078,'ARE4030','전기회로및조명시스템',5,4,3,2001032013,0,19,2019,183),(88801,10079,'ARE5013','건축종합설계2',5,2,3,2001032047,0,40,2021,16),(88802,10079,'ARE5013','건축종합설계2',5,2,3,2001032047,0,35,2020,16),(88803,10079,'ARE5013','건축종합설계2',5,2,3,2001032047,0,34,2019,16),(88811,10080,'ARE5032','공학프로젝트및현장실습2',5,4,3,2001032081,0,21,2021,173),(88812,10080,'ARE5032','공학프로젝트및현장실습2',5,4,3,2001032081,0,28,2020,173),(88813,10080,'ARE5032','공학프로젝트및현장실습2',5,4,3,2001032081,0,18,2019,173),(88821,10081,'CIE2007','측량학',5,4,3,2001032014,0,25,2021,147),(88822,10081,'CIE2007','측량학',5,4,3,2001032014,0,20,2020,147),(88823,10081,'CIE2007','측량학',5,4,3,2001032014,0,20,2019,147),(88831,10082,'CIE3070','철근콘크리트구조2',5,3,3,2001032048,0,18,2021,145),(88832,10082,'CIE3070','철근콘크리트구조2',5,3,3,2001032048,0,35,2020,145),(88833,10082,'CIE3070','철근콘크리트구조2',5,3,3,2001032048,0,38,2019,145),(88841,10083,'GEN6095','전공현장실습2',5,3,3,2001032082,0,22,2021,14),(88842,10083,'GEN6095','전공현장실습2',5,3,3,2001032082,0,20,2020,80),(88843,10083,'GEN6095','전공현장실습2',5,3,3,2001032082,0,19,2019,157),(88851,10084,'MAT3008','수치해석',5,3,3,2001032015,0,21,2021,10),(88852,10084,'MAT3008','수치해석',5,3,3,2001032015,0,26,2020,87),(88853,10084,'MAT3008','수치해석',5,3,3,2001032015,0,21,2019,107),(88861,10086,'CHE1015','기능성고분자',6,4,3,2001032049,0,29,2021,68),(88862,10086,'CHE1015','기능성고분자',6,4,3,2001032049,0,37,2020,68),(88863,10086,'CHE1015','기능성고분자',6,4,3,2001032049,0,37,2019,68),(88871,10087,'CHE3006','화공열역학2',6,2,3,2001032083,0,23,2021,192),(88872,10087,'CHE3006','화공열역학2',6,2,3,2001032083,0,37,2020,192),(88873,10087,'CHE3006','화공열역학2',6,2,3,2001032083,0,20,2019,192),(88881,10088,'CHE3012','물질전달',6,3,3,2001032016,0,22,2021,93),(88882,10088,'CHE3012','물질전달',6,3,3,2001032016,0,29,2020,94),(88883,10088,'CHE3012','물질전달',6,3,3,2001032016,0,22,2019,96),(88891,10089,'CHE4053','유기소자공학',6,4,3,2001032050,0,25,2021,40),(88892,10089,'CHE4053','유기소자공학',6,4,3,2001032050,0,18,2020,40),(88893,10089,'CHE4053','유기소자공학',6,4,3,2001032050,0,32,2019,40),(88901,10090,'CHE4054','화학공학종합설계2(URIP)',6,4,3,2001032084,0,40,2021,197),(88902,10090,'CHE4054','화학공학종합설계2(URIP)',6,4,3,2001032084,0,31,2020,197),(88903,10090,'CHE4054','화학공학종합설계2(URIP)',6,4,3,2001032084,0,21,2019,197),(88911,10091,'CHM3066','화공기초실험',6,3,2,2001032017,0,23,2021,84),(88912,10091,'CHM3066','화공기초실험',6,3,2,2001032017,0,34,2020,84),(88913,10091,'CHM3066','화공기초실험',6,3,2,2001032017,0,23,2019,84),(88921,10092,'CHM3078','촉매반응공학',6,3,3,2001032051,0,21,2021,115),(88922,10092,'CHM3078','촉매반응공학',6,3,3,2001032051,0,23,2020,115),(88923,10092,'CHM3078','촉매반응공학',6,3,3,2001032051,0,32,2019,115),(88931,10093,'CHM4001','기기분석',6,2,3,2001032085,0,20,2021,70),(88932,10093,'CHM4001','기기분석',6,2,3,2001032085,0,33,2020,70),(88933,10093,'CHM4001','기기분석',6,2,3,2001032085,0,22,2019,70),(88941,10094,'CHM4013','고분자물성',6,3,3,2001032018,0,24,2021,90),(88942,10094,'CHM4013','고분자물성',6,3,3,2001032018,0,19,2020,90),(88943,10094,'CHM4013','고분자물성',6,3,3,2001032018,0,24,2019,90),(88951,10096,'CHM4083','나노화학공학',6,4,3,2001032052,0,21,2021,8),(88952,10096,'CHM4083','나노화학공학',6,4,3,2001032052,0,37,2020,12),(88953,10096,'CHM4083','나노화학공학',6,4,3,2001032052,0,18,2019,8),(88971,10099,'CME4002','화공전산설계',6,4,3,2001032019,0,25,2021,31),(88972,10099,'CME4002','화공전산설계',6,4,3,2001032019,0,33,2020,31),(88973,10099,'CME4002','화공전산설계',6,4,3,2001032019,0,25,2019,31),(88981,10100,'COE1011','실용공학연구2',6,3,1,2001032053,0,27,2021,133),(88982,10100,'COE1011','실용공학연구2',6,3,1,2001032053,0,38,2020,125),(88983,10100,'COE1011','실용공학연구2',6,3,1,2001032053,0,37,2019,99),(89001,10102,'GEN3052','환경공학',6,1,3,2001032020,0,26,2021,164),(89002,10102,'GEN3052','환경공학',6,1,3,2001032020,0,18,2020,164),(89003,10102,'GEN3052','환경공학',6,1,3,2001032020,0,26,2019,164),(89011,10103,'GEN5026','테크노경영학',6,3,3,2001032054,0,40,2021,186),(89012,10103,'GEN5026','테크노경영학',6,3,3,2001032054,0,20,2020,136),(89013,10103,'GEN5026','테크노경영학',6,3,3,2001032054,0,34,2019,136),(89031,10105,'MEE4001','열전달',6,3,3,2001032021,0,27,2021,10),(89032,10105,'MEE4001','열전달',6,3,3,2001032021,0,40,2020,10),(89033,10105,'MEE4001','열전달',6,3,3,2001032021,0,27,2019,10),(89041,10108,'BIO2022','세포생물학',7,3,3,2001032055,0,37,2021,138),(89042,10108,'BIO2022','세포생물학',7,3,3,2001032055,0,28,2020,138),(89043,10108,'BIO2022','세포생물학',7,3,3,2001032055,0,34,2019,138),(89061,10112,'BTN4005','생물나노소재',7,4,3,2001032022,0,28,2021,167),(89062,10112,'BTN4005','생물나노소재',7,4,3,2001032022,0,37,2020,167),(89063,10112,'BTN4005','생물나노소재',7,4,3,2001032022,0,28,2019,167),(89071,10113,'BTN4009','응용유전학',7,4,3,2001032056,0,18,2021,157),(89072,10113,'BTN4009','응용유전학',7,4,3,2001032056,0,18,2020,157),(89073,10113,'BTN4009','응용유전학',7,4,3,2001032056,0,30,2019,157),(89091,10115,'BTN4012','공학종합설계2(URIP)',7,4,1,2001032023,0,29,2021,103),(89092,10115,'BTN4012','공학종합설계2(URIP)',7,4,1,2001032023,0,30,2020,103),(89093,10115,'BTN4012','공학종합설계2(URIP)',7,4,1,2001032023,0,29,2019,103),(89101,10117,'COE1011','실용공학연구2',7,3,1,2001032057,0,40,2021,125),(89102,10117,'COE1011','실용공학연구2',7,3,1,2001032057,0,29,2020,99),(89103,10117,'COE1011','실용공학연구2',7,3,1,2001032057,0,34,2019,99),(89121,10119,'DBC3018','미생물학',7,3,3,2001032024,0,30,2021,199),(89122,10119,'DBC3018','미생물학',7,3,3,2001032024,0,38,2020,199),(89123,10119,'DBC3018','미생물학',7,3,3,2001032024,0,30,2019,199),(89131,10120,'GEN5026','테크노경영학',7,3,3,2001032058,0,22,2021,186),(89132,10120,'GEN5026','테크노경영학',7,3,3,2001032058,0,21,2020,136),(89133,10120,'GEN5026','테크노경영학',7,3,3,2001032058,0,38,2019,136),(89151,10124,'GEN6095','전공현장실습2',8,3,3,2001032025,0,29,2021,50),(89152,10124,'GEN6095','전공현장실습2',8,3,3,2001032025,0,30,2020,14),(89153,10124,'GEN6095','전공현장실습2',8,3,3,2001032025,0,31,2019,60),(89161,10125,'ICH4022','고분자재료',8,3,3,2001032059,0,37,2021,127),(89162,10125,'ICH4022','고분자재료',8,3,3,2001032059,0,35,2020,127),(89163,10125,'ICH4022','고분자재료',8,3,3,2001032059,0,37,2019,127),(89181,10131,'ONE4004','유기나노공학종합설계2',8,4,3,2001032026,0,32,2021,41),(89182,10131,'ONE4004','유기나노공학종합설계2',8,4,3,2001032026,0,34,2020,41),(89183,10131,'ONE4004','유기나노공학종합설계2',8,4,3,2001032026,0,32,2019,41),(89191,10132,'ONE4005','전공세미나(유기나노공학)URIP',8,4,3,2001032060,0,27,2021,60),(89192,10132,'ONE4005','전공세미나(유기나노공학)URIP',8,4,3,2001032060,0,38,2020,60),(89193,10132,'ONE4005','전공세미나(유기나노공학)URIP',8,4,3,2001032060,0,32,2019,60),(89211,10135,'ONE4011','유기전자소재나노공정',8,4,3,2001032027,0,33,2021,122),(89212,10135,'ONE4011','유기전자소재나노공정',8,4,3,2001032027,0,25,2020,122),(89213,10135,'ONE4011','유기전자소재나노공정',8,4,3,2001032027,0,33,2019,122),(89221,10140,'TXE4065','고분자구조',8,4,3,2001032061,0,37,2021,17),(89222,10140,'TXE4065','고분자구조',8,4,3,2001032061,0,33,2020,17),(89223,10140,'TXE4065','고분자구조',8,4,3,2001032061,0,32,2019,17),(89241,10142,'CHM4013','고분자물성',9,3,3,2001032028,0,34,2021,90),(89242,10142,'CHM4013','고분자물성',9,3,3,2001032028,0,18,2020,90),(89243,10142,'CHM4013','고분자물성',9,3,3,2001032028,0,34,2019,90),(89251,10144,'EGY3001','재료물성학',9,3,3,2001032062,0,39,2021,179),(89252,10144,'EGY3001','재료물성학',9,3,3,2001032062,0,21,2020,179),(89253,10144,'EGY3001','재료물성학',9,3,3,2001032062,0,18,2019,179),(89271,10147,'EGY4013','에너지공학종합설계2',9,4,3,2001032029,0,35,2021,170),(89272,10147,'EGY4013','에너지공학종합설계2',9,4,3,2001032029,0,29,2020,170),(89273,10147,'EGY4013','에너지공학종합설계2',9,4,3,2001032029,0,35,2019,170),(89281,10148,'EGY4016','나노바이오에너지소재',9,4,3,2001032063,0,36,2021,128),(89282,10148,'EGY4016','나노바이오에너지소재',9,4,3,2001032063,0,26,2020,128),(89283,10148,'EGY4016','나노바이오에너지소재',9,4,3,2001032063,0,37,2019,128),(89301,10150,'EGY4019','에너지유기소재',9,1,3,2001032030,0,36,2021,134),(89302,10150,'EGY4019','에너지유기소재',9,1,3,2001032030,0,36,2020,134),(89303,10150,'EGY4019','에너지유기소재',9,1,3,2001032030,0,36,2019,134),(89311,10151,'GEN5026','테크노경영학',9,3,3,2001032064,0,37,2021,186),(89312,10151,'GEN5026','테크노경영학',9,3,3,2001032064,0,29,2020,136),(89313,10151,'GEN5026','테크노경영학',9,3,3,2001032064,0,34,2019,136),(99999,10777,'CIE7777','테스트',1,1,2,2001001001,0,10,2022,1);
/*!40000 ALTER TABLE `class` ENABLE KEYS */;
UNLOCK TABLES;
/*!40103 SET TIME_ZONE=@OLD_TIME_ZONE */;

/*!40101 SET SQL_MODE=@OLD_SQL_MODE */;
/*!40014 SET FOREIGN_KEY_CHECKS=@OLD_FOREIGN_KEY_CHECKS */;
/*!40014 SET UNIQUE_CHECKS=@OLD_UNIQUE_CHECKS */;
/*!40101 SET CHARACTER_SET_CLIENT=@OLD_CHARACTER_SET_CLIENT */;
/*!40101 SET CHARACTER_SET_RESULTS=@OLD_CHARACTER_SET_RESULTS */;
/*!40101 SET COLLATION_CONNECTION=@OLD_COLLATION_CONNECTION */;
/*!40111 SET SQL_NOTES=@OLD_SQL_NOTES */;

-- Dump completed on 2022-11-08 20:10:56

-- MySQL dump 10.13  Distrib 8.0.30, for macos12 (x86_64)
--
-- Host: localhost    Database: DB2018009216
-- ------------------------------------------------------
-- Server version	8.0.30

/*!40101 SET @OLD_CHARACTER_SET_CLIENT=@@CHARACTER_SET_CLIENT */;
/*!40101 SET @OLD_CHARACTER_SET_RESULTS=@@CHARACTER_SET_RESULTS */;
/*!40101 SET @OLD_COLLATION_CONNECTION=@@COLLATION_CONNECTION */;
/*!50503 SET NAMES utf8 */;
/*!40103 SET @OLD_TIME_ZONE=@@TIME_ZONE */;
/*!40103 SET TIME_ZONE='+00:00' */;
/*!40014 SET @OLD_UNIQUE_CHECKS=@@UNIQUE_CHECKS, UNIQUE_CHECKS=0 */;
/*!40014 SET @OLD_FOREIGN_KEY_CHECKS=@@FOREIGN_KEY_CHECKS, FOREIGN_KEY_CHECKS=0 */;
/*!40101 SET @OLD_SQL_MODE=@@SQL_MODE, SQL_MODE='NO_AUTO_VALUE_ON_ZERO' */;
/*!40111 SET @OLD_SQL_NOTES=@@SQL_NOTES, SQL_NOTES=0 */;

--
-- Table structure for table `course`
--

DROP TABLE IF EXISTS `course`;
/*!40101 SET @saved_cs_client     = @@character_set_client */;
/*!50503 SET character_set_client = utf8mb4 */;
CREATE TABLE `course` (
  `course_id` text,
  `name` text,
  `credit` int DEFAULT NULL
) ENGINE=InnoDB DEFAULT CHARSET=utf8mb4 COLLATE=utf8mb4_0900_ai_ci;
/*!40101 SET character_set_client = @saved_cs_client */;

--
-- Dumping data for table `course`
--

LOCK TABLES `course` WRITE;
/*!40000 ALTER TABLE `course` DISABLE KEYS */;
INSERT INTO `course` VALUES ('CIE3022','철근콘크리트구조설계',3),('CIE4011','수리학및실험',3),('CIE4065','유비쿼터스첨단건설공학',3),('EEC3005','상하수도공학',3),('CSE4006','소프트웨어공학',3),('ITE3070','전공멘토링6',1),('ELE3020','컴퓨터구조2',3),('ENE4019','컴퓨터네트워크',3),('ITE3016','데이터베이스시스템',3),('MAT3008','수치해석',3),('ECL4009','피드백시스템',3),('ECL4013','전기공학종합설계2',3),('ECL4018','전기공학세미나',3),('ELE4019','전력시스템공학',3),('ARE3009','건축구조역학2',3),('ARE4020','건축공학실험',3),('ARE4030','전기회로및조명시스템',3),('CIE2007','측량학',3),('CHE3012','물질전달',3),('CHM3066','화공기초실험',2),('CHM4013','고분자물성',3),('CME4002','화공전산설계',3),('GEN3052','환경공학',3),('MEE4001','열전달',3),('BTN4005','생물나노소재',3),('BTN4012','공학종합설계2(URIP)',1),('DBC3018','미생물학',3),('GEN6095','전공현장실습2',3),('ONE4004','유기나노공학종합설계2',3),('ONE4011','유기전자소재나노공정',3),('EGY4013','에너지공학종합설계2',3),('EGY4019','에너지유기소재',3),('CIE3032','지반공학및실험',3),('CIE4047','수공구조물설계',3),('CIE4068','건설환경공학종합설계2',3),('ELE4029','컴파일러',3),('GEN6006','특허법의이해',2),('ECL3005','임베디드제어시스템',3),('ECL4010','차량전자제어',3),('ECL4014','산업플라즈마공학',3),('ELE3004','제어공학',3),('ELE4025','펄스파워공학',3),('ARE3069','건설사업관리1',3),('ARE4022','건축음향',3),('ARE5013','건축종합설계2',3),('CIE3070','철근콘크리트구조2',3),('CHE1015','기능성고분자',3),('CHE4053','유기소자공학',3),('CHM3078','촉매반응공학',3),('CHM4083','나노화학공학',3),('COE1011','실용공학연구2',1),('GEN5026','테크노경영학',3),('BIO2022','세포생물학',3),('BTN4009','응용유전학',3),('ICH4022','고분자재료',3),('ONE4005','전공세미나(유기나노공학)URIP',3),('TXE4065','고분자구조',3),('EGY3001','재료물성학',3),('EGY4016','나노바이오에너지소재',3),('CIE3033','건설경제학',3),('CIE4058','구조동역학',3),('COE3053','공업수학3',3),('MME3026','암반공학',3),('ITE3068','소프트웨어스튜디오2',3),('ITE3060','시스템프로그램설계2',2),('ECL3007','플라즈마공학2',3),('ECL4011','전동력제어',3),('ECL4015','전력전자제어',3),('ELE3013','전기기기',3),('ARE4014','건축구조계획',3),('ARE4026','환경과생태건축',3),('ARE5032','공학프로젝트및현장실습2',3),('CHE3006','화공열역학2',3),('CHE4054','화학공학종합설계2(URIP)',3),('CHM4001','기기분석',3),('CIE7077','테스트',1),('CIE7777','테스트',2),('CIE9999','테스트',3),('CIE8888','테스트',3);
/*!40000 ALTER TABLE `course` ENABLE KEYS */;
UNLOCK TABLES;
/*!40103 SET TIME_ZONE=@OLD_TIME_ZONE */;

/*!40101 SET SQL_MODE=@OLD_SQL_MODE */;
/*!40014 SET FOREIGN_KEY_CHECKS=@OLD_FOREIGN_KEY_CHECKS */;
/*!40014 SET UNIQUE_CHECKS=@OLD_UNIQUE_CHECKS */;
/*!40101 SET CHARACTER_SET_CLIENT=@OLD_CHARACTER_SET_CLIENT */;
/*!40101 SET CHARACTER_SET_RESULTS=@OLD_CHARACTER_SET_RESULTS */;
/*!40101 SET COLLATION_CONNECTION=@OLD_COLLATION_CONNECTION */;
/*!40111 SET SQL_NOTES=@OLD_SQL_NOTES */;

-- Dump completed on 2022-11-08 20:10:56
-- MySQL dump 10.13  Distrib 8.0.30, for macos12 (x86_64)
--
-- Host: localhost    Database: DB2018009216
-- ------------------------------------------------------
-- Server version	8.0.30

/*!40101 SET @OLD_CHARACTER_SET_CLIENT=@@CHARACTER_SET_CLIENT */;
/*!40101 SET @OLD_CHARACTER_SET_RESULTS=@@CHARACTER_SET_RESULTS */;
/*!40101 SET @OLD_COLLATION_CONNECTION=@@COLLATION_CONNECTION */;
/*!50503 SET NAMES utf8 */;
/*!40103 SET @OLD_TIME_ZONE=@@TIME_ZONE */;
/*!40103 SET TIME_ZONE='+00:00' */;
/*!40014 SET @OLD_UNIQUE_CHECKS=@@UNIQUE_CHECKS, UNIQUE_CHECKS=0 */;
/*!40014 SET @OLD_FOREIGN_KEY_CHECKS=@@FOREIGN_KEY_CHECKS, FOREIGN_KEY_CHECKS=0 */;
/*!40101 SET @OLD_SQL_MODE=@@SQL_MODE, SQL_MODE='NO_AUTO_VALUE_ON_ZERO' */;
/*!40111 SET @OLD_SQL_NOTES=@@SQL_NOTES, SQL_NOTES=0 */;

--
-- Table structure for table `credits`
--

DROP TABLE IF EXISTS `credits`;
/*!40101 SET @saved_cs_client     = @@character_set_client */;
/*!50503 SET character_set_client = utf8mb4 */;
CREATE TABLE `credits` (
  `credits_id` int NOT NULL,
  `student_id` int DEFAULT NULL,
  `course_id` text,
  `year` int DEFAULT NULL,
  `grade` text,
  `grade_num` double DEFAULT NULL,
  `class_id` int DEFAULT '0',
  PRIMARY KEY (`credits_id`)
) ENGINE=InnoDB DEFAULT CHARSET=utf8mb4 COLLATE=utf8mb4_0900_ai_ci;
/*!40101 SET character_set_client = @saved_cs_client */;

--
-- Dumping data for table `credits`
--

LOCK TABLES `credits` WRITE;
/*!40000 ALTER TABLE `credits` DISABLE KEYS */;
INSERT INTO `credits` VALUES (7,2018003125,'ECL3007',2019,'C0',2,0),(8,2018003125,'ARE3069',2019,'C0',2,0),(9,2018003125,'CHE3006',2021,'F',0,0),(10,2018003125,'ONE4005',2021,'B0',3,0),(11,2018003125,'CHM4013',2020,'B0',3,0),(12,2018004052,'ELE4025',2022,'N',-1,8871),(13,2018004052,'GEN5026',2022,'N',-1,8872),(14,2018004052,'ARE4014',2022,'N',-1,8875),(15,2018004052,'ARE4026',2022,'N',-1,8878),(17,2018004052,'GEN6095',2022,'N',-1,8841),(18,2018004052,'ONE4004',2022,'N',-1,8918),(19,2018004052,'CIE4011',2021,'C0',2,0),(20,2018004052,'CIE4065',2019,'F',0,0),(21,2018004052,'EEC3005',2021,'F',0,0),(22,2018004052,'CSE4006',2020,'F',0,0),(23,2018004052,'ENE4019',2021,'D0',1,0),(24,2018004052,'ONE4004',2019,'D0',1,0),(25,2019499349,'ITE3068',2022,'N',-1,8845),(26,2019499349,'CSE4006',2022,'N',-1,8843),(27,2019499349,'ENE4019',2022,'N',-1,8851),(28,2019499349,'GEN6006',2022,'N',-1,8853),(30,2019499349,'ECL3007',2022,'N',-1,8860),(31,2019499349,'ICH4022',2022,'N',-1,8916),(32,2019499349,'CIE4058',2020,'D0',1,0),(33,2019499349,'MME3026',2019,'B0',3,0),(34,2019499349,'EGY3001',2019,'C0',2,0),(35,2020004533,'GEN5026',2022,'N',-1,8872),(36,2020004533,'ARE4014',2022,'N',-1,8875),(37,2020004533,'ARE4026',2022,'N',-1,8878),(38,2020004533,'ARE5032',2022,'N',-1,8881),(39,2020004533,'CIE3070',2022,'N',-1,8883),(40,2020004533,'GEN6095',2022,'N',-1,8841),(42,2020004533,'CIE3032',2019,'F',0,0),(43,2020004533,'COE3053',2019,'A0',4,0),(44,2020004533,'CSE4006',2021,'A0',4,0),(45,2020004533,'CSE4006',2019,'D0',1,0),(46,2020004533,'ITE3016',2021,'D0',1,0),(47,2020004533,'ECL3005',2021,'B0',3,0),(48,2020004533,'ARE4026',2019,'B0',3,0),(49,2020004533,'EGY4019',2019,'A0',4,0),(50,2020004533,'GEN5026',2020,'D0',1,0),(51,2020040404,'CIE4058',2022,'N',-1,8836),(53,2020040404,'ITE3070',2022,'N',-1,8846),(54,2020040404,'CSE4006',2022,'N',-1,8843),(55,2020040404,'ENE4019',2022,'N',-1,8851),(56,2020040404,'GEN6006',2022,'N',-1,8853),(59,2020040404,'ECL4010',2022,'N',-1,8862),(60,2020040404,'ARE4030',2022,'N',-1,8879),(61,2020040404,'CIE4011',2021,'D0',1,0),(62,2020040404,'CIE4011',2019,'A0',4,0),(63,2020040404,'COE3053',2019,'C0',2,0),(64,2020040404,'EEC3005',2021,'F',0,0),(65,2020040404,'CIE3070',2021,'A0',4,0),(66,2020040404,'DBC3018',2020,'F',0,0),(67,2020040404,'EGY3001',2020,'C0',2,0),(68,2020040404,'EGY3001',2019,'A0',4,0),(69,2020004003,'CIE3032',2022,'N',-1,8832),(70,2020004003,'CIE4047',2022,'N',-1,8835),(71,2020004003,'CIE4068',2022,'N',-1,8838),(73,2020004003,'CHM4013',2022,'N',-1,8894),(74,2020004003,'EGY4013',2022,'N',-1,8927),(75,2020004003,'EGY4019',2022,'N',-1,8930),(76,2020004003,'CIE3032',2020,'F',0,0),(77,2020004003,'CIE4065',2020,'A0',4,0),(78,2020004003,'COE3053',2020,'C0',2,0),(79,2020004003,'GEN6006',2020,'B0',3,0),(80,2020004003,'ECL3005',2020,'A0',4,0),(81,2020004003,'ARE4014',2021,'C0',2,0),(82,2020004003,'CIE2007',2021,'A0',4,0),(83,2020004003,'CHM3078',2019,'C0',2,0),(84,2020004003,'EGY4016',2020,'A0',4,0),(85,2020004203,'CSE4006',2022,'N',-1,8843),(86,2020004203,'ITE3070',2022,'N',-1,8846),(87,2020004203,'ELE3020',2022,'N',-1,8849),(88,2020004203,'ENE4019',2022,'N',-1,8851),(89,2020004203,'ITE3016',2022,'N',-1,8855),(90,2020004203,'MAT3008',2022,'N',-1,8858),(91,2021030303,'CSE4006',2022,'N',-1,8843),(92,2021030303,'ELE4029',2022,'N',-1,8850),(93,2021030303,'GEN6006',2022,'N',-1,8853),(94,2021030303,'ITE3016',2022,'N',-1,8855),(95,2021030303,'ECL3005',2022,'N',-1,8859),(96,2021030303,'ECL4010',2022,'N',-1,8862),(99,2021030303,'EEC3005',2019,'B0',3,0),(100,2021030303,'GEN6095',2019,'D0',1,0),(101,2021030303,'ELE4029',2019,'D0',1,0),(102,2021030303,'ENE4019',2020,'F',0,0),(103,2021030303,'ECL4018',2020,'C0',2,0),(104,2021030303,'ARE4022',2020,'F',0,0),(105,2021030303,'COE1011',2021,'F',0,0),(106,2021030303,'COE1011',2019,'F',0,0),(107,2020394929,'CIE4011',2022,'N',-1,8834),(108,2020394929,'ITE3068',2022,'N',-1,8845),(109,2020394929,'CSE4006',2022,'N',-1,8843),(110,2020394929,'ENE4019',2022,'N',-1,8851),(111,2020394929,'GEN6006',2022,'N',-1,8853),(114,2020394929,'ECL4014',2022,'N',-1,8865),(115,2020394929,'CSE4006',2020,'A0',4,0),(116,2020394929,'ELE3020',2019,'D0',1,0),(117,2020394929,'GEN6006',2021,'F',0,0),(118,2020394929,'ECL4014',2019,'F',0,0),(119,2020394929,'ARE4026',2020,'B0',3,0),(120,2020394929,'ARE4030',2020,'F',0,0),(121,2020394929,'CIE2007',2019,'B0',3,0),(122,2020394929,'CHM4001',2021,'C0',2,0),(123,2020394929,'ONE4004',2019,'A0',4,0),(124,2021001445,'GEN5026',2022,'N',-1,8872),(125,2021001445,'ARE4014',2022,'N',-1,8875),(126,2021001445,'ARE4026',2022,'N',-1,8878),(127,2021001445,'ARE5032',2022,'N',-1,8881),(128,2021001445,'GEN6095',2022,'N',-1,8841),(129,2021001445,'ONE4004',2022,'N',-1,8918),(130,2021001445,'ITE3016',2020,'C0',2,0),(131,2021001445,'ITE3060',2021,'D0',1,0),(132,2021001445,'ELE4025',2019,'D0',1,0),(133,2021001445,'ARE4026',2020,'C0',2,0),(134,2021001445,'ARE5013',2019,'D0',1,0),(135,2021001445,'EGY4019',2020,'A0',4,0),(136,2021004004,'CSE4006',2022,'N',-1,8843),(137,2021004004,'ELE4029',2022,'N',-1,8850),(138,2021004004,'GEN6006',2022,'N',-1,8853),(139,2021004004,'ITE3016',2022,'N',-1,8855),(141,2021004004,'ECL4010',2022,'N',-1,8862),(142,2021004004,'COE1011',2022,'N',-1,8898),(143,2021004004,'ONE4011',2022,'N',-1,8921),(144,2021004004,'ARE5032',2021,'B0',3,0),(145,2021004004,'GEN5026',2021,'F',0,0),(146,2021004004,'BIO2022',2020,'A0',4,0),(147,2021004004,'CHM4013',2019,'B0',3,0),(148,2021004004,'EGY4013',2020,'A0',4,0),(149,2021004004,'EGY4016',2019,'A0',4,0),(150,2021004394,'CIE3032',2022,'N',-1,8832),(151,2021004394,'CIE4047',2022,'N',-1,8835),(153,2021004394,'ENE4019',2022,'N',-1,8851),(157,2021004394,'CHM4013',2022,'N',-1,8894),(158,2021004394,'EGY4013',2022,'N',-1,8927),(159,2021004394,'EGY4019',2022,'N',-1,8930),(160,2021004394,'CSE4006',2021,'D0',1,0),(161,2021004394,'GEN6095',2020,'D0',1,0),(162,2021004394,'ECL4013',2021,'D0',1,0),(163,2021004394,'GEN5026',2020,'F',0,0),(164,2021004394,'ARE4026',2021,'B0',3,0),(165,2021004394,'CIE3070',2019,'F',0,0),(166,2021004394,'CHM4083',2021,'B0',3,0),(167,2021004394,'GEN3052',2020,'A0',4,0),(168,2021030128,'CIE3032',2022,'N',-1,8832),(170,2021030128,'CIE4065',2022,'N',-1,8837),(173,2021030128,'BTN4005',2022,'N',-1,8906),(174,2021030128,'CHM4013',2022,'N',-1,8894),(175,2021030128,'EGY4013',2022,'N',-1,8927),(176,2021030128,'EGY4019',2022,'N',-1,8930),(177,2021030128,'CIE4058',2020,'B0',3,0),(178,2021030128,'MAT3008',2020,'B0',3,0),(179,2021030128,'ECL4015',2020,'C0',2,0),(180,2021030128,'ECL4018',2020,'C0',2,0),(181,2021030128,'ARE3009',2020,'B0',3,0),(182,2021030128,'CHE3012',2020,'D0',1,0),(183,2021030128,'EGY3001',2020,'D0',1,0),(184,2021040051,'CSE4006',2022,'N',-1,8843),(185,2021040051,'CIE2007',2022,'N',-1,8882),(186,2021040051,'MAT3008',2022,'N',-1,8858),(187,2021040051,'CHE3012',2022,'N',-1,8888),(188,2021040051,'CHM3066',2022,'N',-1,8891),(189,2021040051,'CHM4013',2022,'N',-1,8894),(193,2021040051,'CIE3033',2021,'B0',3,0),(194,2021040051,'CSE4006',2021,'D0',1,0),(195,2021040051,'GEN3052',2021,'C0',2,0),(196,2021040051,'ONE4004',2020,'F',0,0),(197,2021040051,'EGY4013',2019,'F',0,0),(198,2022001303,'GEN6095',2022,'N',-1,8841),(199,2022001303,'BTN4012',2022,'N',-1,8909),(200,2022001303,'DBC3018',2022,'N',-1,8912),(201,2022001303,'GEN6095',2022,'N',-1,8841),(202,2022001303,'ONE4004',2022,'N',-1,8918),(203,2022001303,'ONE4011',2022,'N',-1,8921),(204,2022001303,'CIE3022',2019,'A0',4,0),(205,2022001303,'MME3026',2019,'C0',2,0),(206,2022001303,'ITE3068',2021,'A0',4,0),(207,2022001303,'ITE3070',2021,'D0',1,0),(208,2022001303,'CSE4006',2019,'D0',1,0),(209,2022001303,'ELE4029',2021,'D0',1,0),(210,2022001303,'ECL4010',2021,'F',0,0),(211,2022001303,'ECL4018',2020,'C0',2,0),(212,2022001303,'ELE3004',2021,'A0',4,0),(213,2022001303,'ARE3009',2019,'A0',4,0),(214,2022001303,'CHE4054',2021,'F',0,0),(216,2022002331,'CHE3012',2022,'N',-1,8888),(217,2022002331,'CHM3066',2022,'N',-1,8891),(218,2022002331,'CHM4013',2022,'N',-1,8894),(219,2022002331,'CME4002',2022,'N',-1,8897),(220,2022002331,'GEN3052',2022,'N',-1,8900),(221,2022002331,'MEE4001',2022,'N',-1,8903),(222,2022002331,'CIE4047',2020,'C0',2,0),(223,2022002331,'CSE4006',2021,'B0',3,0),(224,2022002331,'ECL4015',2020,'D0',1,0),(225,2022002331,'ELE3004',2020,'F',0,0),(226,2022002331,'ARE4020',2020,'A0',4,0),(227,2022002331,'CHE4053',2019,'D0',1,0),(228,2022005004,'CIE3032',2022,'N',-1,8832),(229,2022005004,'CIE4047',2022,'N',-1,8835),(231,2022005004,'ECL4009',2022,'N',-1,8861),(235,2022005004,'CHM4013',2022,'N',-1,8894),(236,2022005004,'EGY4013',2022,'N',-1,8927),(238,2022005004,'EGY4019',2022,'N',-1,8930),(239,2022005004,'MME3026',2019,'D0',1,0),(240,2022005004,'CSE4006',2021,'A0',4,0),(241,2022005004,'GEN6006',2019,'C0',2,0),(242,2022005004,'ECL4013',2020,'F',0,0),(243,2022005004,'ARE4026',2019,'C0',2,0),(244,2022005004,'CHE4053',2020,'D0',1,0),(245,2022005004,'BTN4009',2021,'F',0,0),(246,2022005004,'BTN4009',2020,'A0',4,0),(247,2022005004,'ONE4004',2021,'C+',2.5,0),(248,2022005004,'EGY4016',2021,'B0',3,0),(249,2022019493,'ARE5013',2022,'N',-1,8880),(250,2022019493,'BTN4012',2022,'N',-1,8909),(251,2022019493,'DBC3018',2022,'N',-1,8912),(252,2022019493,'GEN6095',2022,'N',-1,8841),(253,2022019493,'ONE4004',2022,'N',-1,8918),(254,2022019493,'ONE4011',2022,'N',-1,8921),(255,2022019493,'CIE3033',2019,'F',0,0),(256,2022019493,'CIE4068',2020,'F',0,0),(257,2022019493,'CIE4068',2019,'C0',2,0),(258,2022019493,'CSE4006',2019,'A0',4,0),(259,2022019493,'ARE4020',2020,'C0',2,0),(260,2022019493,'ICH4022',2019,'C0',2,0),(261,2022019493,'ONE4004',2020,'B0',3,0),(262,2022040404,'CSE4006',2022,'N',-1,8843),(263,2022040404,'ELE4029',2022,'N',-1,8850),(264,2022040404,'GEN6006',2022,'N',-1,8853),(265,2022040404,'ITE3016',2022,'N',-1,8855),(266,2022040404,'ECL3005',2022,'N',-1,8859),(267,2022040404,'ECL4010',2022,'N',-1,8862),(270,2022040404,'CIE4047',2021,'C0',2,0),(271,2022040404,'MAT3008',2020,'F',0,0),(272,2022040404,'CHE4054',2019,'D0',1,0),(273,2022040404,'DBC3018',2020,'C0',2,0),(274,2022040404,'CHM4013',2020,'B0',3,0),(275,2022040404,'CHM4013',2019,'B0',3,0),(276,2022505050,'CSE4006',2022,'N',-1,8843),(277,2022505050,'ELE4029',2022,'N',-1,8850),(278,2022505050,'GEN6006',2022,'N',-1,8853),(279,2022505050,'ITE3016',2022,'N',-1,8855),(282,2022505050,'ARE4020',2022,'N',-1,8876),(284,2022505050,'DBC3018',2022,'N',-1,8912),(285,2022505050,'CIE3033',2020,'B0',3,0),(286,2022505050,'CIE4065',2020,'F',0,0),(287,2022505050,'COE3053',2020,'C0',2,0),(288,2022505050,'ITE3070',2020,'D0',1,0),(289,2022505050,'ENE4019',2020,'D0',1,0),(290,2022505050,'ITE3016',2020,'A0',4,0),(291,2022505050,'ELE3013',2021,'C0',2,0),(292,2022505050,'ARE4014',2020,'C0',2,0),(293,2022505050,'COE1011',2019,'B0',3,0),(294,2022505050,'GEN5026',2019,'A0',4,0),(295,2022505050,'BTN4009',2021,'D0',1,0),(296,2022505050,'DBC3018',2021,'C0',2,0),(297,2022505050,'GEN5026',2021,'B0',3,0),(298,2018003125,'CIE3032',2022,'N',-1,8832);
/*!40000 ALTER TABLE `credits` ENABLE KEYS */;
UNLOCK TABLES;
/*!40103 SET TIME_ZONE=@OLD_TIME_ZONE */;

/*!40101 SET SQL_MODE=@OLD_SQL_MODE */;
/*!40014 SET FOREIGN_KEY_CHECKS=@OLD_FOREIGN_KEY_CHECKS */;
/*!40014 SET UNIQUE_CHECKS=@OLD_UNIQUE_CHECKS */;
/*!40101 SET CHARACTER_SET_CLIENT=@OLD_CHARACTER_SET_CLIENT */;
/*!40101 SET CHARACTER_SET_RESULTS=@OLD_CHARACTER_SET_RESULTS */;
/*!40101 SET COLLATION_CONNECTION=@OLD_COLLATION_CONNECTION */;
/*!40111 SET SQL_NOTES=@OLD_SQL_NOTES */;

-- Dump completed on 2022-11-08 20:10:56
-- MySQL dump 10.13  Distrib 8.0.30, for macos12 (x86_64)
--
-- Host: localhost    Database: DB2018009216
-- ------------------------------------------------------
-- Server version	8.0.30

/*!40101 SET @OLD_CHARACTER_SET_CLIENT=@@CHARACTER_SET_CLIENT */;
/*!40101 SET @OLD_CHARACTER_SET_RESULTS=@@CHARACTER_SET_RESULTS */;
/*!40101 SET @OLD_COLLATION_CONNECTION=@@COLLATION_CONNECTION */;
/*!50503 SET NAMES utf8 */;
/*!40103 SET @OLD_TIME_ZONE=@@TIME_ZONE */;
/*!40103 SET TIME_ZONE='+00:00' */;
/*!40014 SET @OLD_UNIQUE_CHECKS=@@UNIQUE_CHECKS, UNIQUE_CHECKS=0 */;
/*!40014 SET @OLD_FOREIGN_KEY_CHECKS=@@FOREIGN_KEY_CHECKS, FOREIGN_KEY_CHECKS=0 */;
/*!40101 SET @OLD_SQL_MODE=@@SQL_MODE, SQL_MODE='NO_AUTO_VALUE_ON_ZERO' */;
/*!40111 SET @OLD_SQL_NOTES=@@SQL_NOTES, SQL_NOTES=0 */;

--
-- Table structure for table `lecturer`
--

DROP TABLE IF EXISTS `lecturer`;
/*!40101 SET @saved_cs_client     = @@character_set_client */;
/*!50503 SET character_set_client = utf8mb4 */;
CREATE TABLE `lecturer` (
  `lecturer_id` int NOT NULL,
  `name` text,
  `major_id` int DEFAULT NULL,
  PRIMARY KEY (`lecturer_id`)
) ENGINE=InnoDB DEFAULT CHARSET=utf8mb4 COLLATE=utf8mb4_0900_ai_ci;
/*!40101 SET character_set_client = @saved_cs_client */;

--
-- Dumping data for table `lecturer`
--

LOCK TABLES `lecturer` WRITE;
/*!40000 ALTER TABLE `lecturer` DISABLE KEYS */;
INSERT INTO `lecturer` VALUES (2001001001,'조병완',1),(2001001002,'조용식',1),(2001011003,'조병완',1),(2001011004,'한혁',1),(2001021002,'강수용',2),(2001031001,'박희진',2),(2001032003,'이인환',3),(2001032004,'최진식',3),(2001032005,'김상욱',3),(2001032006,'박종일',3),(2001032007,'신동훈',4),(2001032008,'고광철',4),(2001032009,'정진욱',4),(2001032010,'김진오',4),(2001032011,'최창식',5),(2001032012,'이충선',5),(2001032013,'정재원',5),(2001032014,'이종석',5),(2001032015,'김승남',5),(2001032016,'문성용',6),(2001032017,'서경도',6),(2001032018,'서경도',6),(2001032019,'김진국',6),(2001032020,'공성호',6),(2001032021,'서영웅',6),(2001032022,'이동윤',7),(2001032023,'류성언',7),(2001032024,'윤채옥',7),(2001032025,'안희준',8),(2001032026,'안이용',8),(2001032027,'안형준',8),(2001032028,'강용수',9),(2001032029,'최기한',9),(2001032030,'권태수',9),(2001032031,'박두희',1),(2001032032,'조용식',1),(2001032033,'유재석',1),(2001032034,'조용식',1),(2001032035,'정형수',2),(2001032036,'차재혁',3),(2001032037,'임을규',3),(2001032038,'장의선',3),(2001032039,'김상욱',3),(2001032040,'이형철',4),(2001032041,'이형철',4),(2001032042,'노태협',4),(2001032043,'정정주',4),(2001032044,'고광철',4),(2001032045,'유기찬',5),(2001032046,'전진용',5),(2001032047,'박운종',5),(2001032048,'한상환',5),(2001032049,'Justyn Wayne Jaworski',6),(2001032050,'서동학',6),(2001032051,'서영웅',6),(2001032052,'오성근',6),(2001032053,'서경도',6),(2001032054,'이병희',6),(2001032055,'류성언',7),(2001032056,'임태연',7),(2001032057,'김용희',7),(2001032058,'안광일',7),(2001032059,'김성훈',8),(2001032060,'안희준',8),(2001032061,'임승순',8),(2001032062,'이윤정',9),(2001032063,'이준기',9),(2001032064,'안광일',9),(2001032065,'서종원',1),(2001032066,'박대효',1),(2001032067,'강석구',1),(2001032068,'반호기',1),(2001032069,'최용석',2),(2001032070,'노미나',3),(2001032071,'이춘화',3),(2001032072,'한규옥',3),(2001032073,'최진식',3),(2001032074,'정규선',4),(2001032075,'현동석',4),(2001032076,'김래영',4),(2001032077,'이주',4),(2001032078,'김동준',4),(2001032079,'김효진',5),(2001032080,'전진용',5),(2001032081,'차성민',5),(2001032082,'김주형',5),(2001032083,'배영찬',6),(2001032084,'서경도',6),(2001032085,'최유빈',6);
/*!40000 ALTER TABLE `lecturer` ENABLE KEYS */;
UNLOCK TABLES;
/*!40103 SET TIME_ZONE=@OLD_TIME_ZONE */;

/*!40101 SET SQL_MODE=@OLD_SQL_MODE */;
/*!40014 SET FOREIGN_KEY_CHECKS=@OLD_FOREIGN_KEY_CHECKS */;
/*!40014 SET UNIQUE_CHECKS=@OLD_UNIQUE_CHECKS */;
/*!40101 SET CHARACTER_SET_CLIENT=@OLD_CHARACTER_SET_CLIENT */;
/*!40101 SET CHARACTER_SET_RESULTS=@OLD_CHARACTER_SET_RESULTS */;
/*!40101 SET COLLATION_CONNECTION=@OLD_COLLATION_CONNECTION */;
/*!40111 SET SQL_NOTES=@OLD_SQL_NOTES */;

-- Dump completed on 2022-11-08 20:10:56
-- MySQL dump 10.13  Distrib 8.0.30, for macos12 (x86_64)
--
-- Host: localhost    Database: DB2018009216
-- ------------------------------------------------------
-- Server version	8.0.30

/*!40101 SET @OLD_CHARACTER_SET_CLIENT=@@CHARACTER_SET_CLIENT */;
/*!40101 SET @OLD_CHARACTER_SET_RESULTS=@@CHARACTER_SET_RESULTS */;
/*!40101 SET @OLD_COLLATION_CONNECTION=@@COLLATION_CONNECTION */;
/*!50503 SET NAMES utf8 */;
/*!40103 SET @OLD_TIME_ZONE=@@TIME_ZONE */;
/*!40103 SET TIME_ZONE='+00:00' */;
/*!40014 SET @OLD_UNIQUE_CHECKS=@@UNIQUE_CHECKS, UNIQUE_CHECKS=0 */;
/*!40014 SET @OLD_FOREIGN_KEY_CHECKS=@@FOREIGN_KEY_CHECKS, FOREIGN_KEY_CHECKS=0 */;
/*!40101 SET @OLD_SQL_MODE=@@SQL_MODE, SQL_MODE='NO_AUTO_VALUE_ON_ZERO' */;
/*!40111 SET @OLD_SQL_NOTES=@@SQL_NOTES, SQL_NOTES=0 */;

--
-- Table structure for table `major`
--

DROP TABLE IF EXISTS `major`;
/*!40101 SET @saved_cs_client     = @@character_set_client */;
/*!50503 SET character_set_client = utf8mb4 */;
CREATE TABLE `major` (
  `major_id` int NOT NULL,
  `name` text,
  PRIMARY KEY (`major_id`)
) ENGINE=InnoDB DEFAULT CHARSET=utf8mb4 COLLATE=utf8mb4_0900_ai_ci;
/*!40101 SET character_set_client = @saved_cs_client */;

--
-- Dumping data for table `major`
--

LOCK TABLES `major` WRITE;
/*!40000 ALTER TABLE `major` DISABLE KEYS */;
INSERT INTO `major` VALUES (1,'건설환경공학과'),(2,'소프트웨어전공'),(3,'컴퓨터전공'),(4,'전기공학전공'),(5,'건축공학부'),(6,'화학공학전공'),(7,'생명공학전공'),(8,'유기나노공학과'),(9,'에너지공학과'),(10,'기계공학부'),(11,'미래자동차공학과'),(12,'원자력공학과'),(13,'자원환경공학과'),(14,'산업공학과'),(15,'생체공학전공'),(16,'도시공학과'),(17,'융합전자공학부'),(18,'신소재공학부'),(19,'교육학과'),(20,'국어교육과'),(21,'영어교육과'),(22,'응용미술교육과'),(23,'교육공학과'),(24,'수학교육과'),(25,'성악과'),(26,'작곡과'),(27,'피아노과'),(28,'관현악과'),(29,'국악과'),(30,'국어국문학과'),(31,'영어영문학과'),(32,'독어독문학과'),(33,'중어중문학과'),(34,'사학과'),(35,'철학과'),(36,'관광학부'),(37,'수학전공'),(38,'물리학전공'),(39,'화학전공'),(40,'생명과학전공'),(41,'컴퓨터공학부'),(42,'정보시스템학과'),(43,'건축학부'),(44,'경영학부'),(45,'파이낸스경영학과'),(46,'국제학부'),(47,'경제금융학부'),(48,'STS(과학기술학)전공'),(49,'공공수행인문학전공'),(50,'미디어문화전공'),(51,'영어커뮤니케이션전공'),(52,'통상한국어커뮤니케이션전공'),(53,'글로벌비즈니스문화전공(영어전용)'),(54,'중국경제통상전공'),(55,'정책학과'),(56,'법학과'),(57,'의류학과'),(58,'식품영양학과'),(59,'실내건축디자인학과'),(60,'체육학과'),(61,'스포츠산업학과'),(62,'연극영화학과'),(63,'무용학과'),(64,'간호학전공'),(65,'간호전공'),(66,'정치외교학과'),(67,'사회학과'),(68,'미디어커뮤니케이션학과'),(69,'행정학과'),(70,'한중통번역전공'),(71,'화공생명공학부'),(72,'전기·생체공학부'),(73,'의예과'),(74,'수학과'),(75,'물리학과'),(76,'화학과'),(77,'생명과학과'),(78,'응용시스템학과'),(79,'교양인영역'),(80,'인문과예술영역'),(81,'언어와표현영역'),(82,'세계인영역'),(83,'사회와세계영역'),(84,'실용인영역'),(85,'비지니스와리더쉽영역'),(86,'과학과기술영역'),(87,'서울대학'),(88,'봉사인영역'),(89,'가상대학영역');
/*!40000 ALTER TABLE `major` ENABLE KEYS */;
UNLOCK TABLES;
/*!40103 SET TIME_ZONE=@OLD_TIME_ZONE */;

/*!40101 SET SQL_MODE=@OLD_SQL_MODE */;
/*!40014 SET FOREIGN_KEY_CHECKS=@OLD_FOREIGN_KEY_CHECKS */;
/*!40014 SET UNIQUE_CHECKS=@OLD_UNIQUE_CHECKS */;
/*!40101 SET CHARACTER_SET_CLIENT=@OLD_CHARACTER_SET_CLIENT */;
/*!40101 SET CHARACTER_SET_RESULTS=@OLD_CHARACTER_SET_RESULTS */;
/*!40101 SET COLLATION_CONNECTION=@OLD_COLLATION_CONNECTION */;
/*!40111 SET SQL_NOTES=@OLD_SQL_NOTES */;

-- Dump completed on 2022-11-08 20:10:56
-- MySQL dump 10.13  Distrib 8.0.30, for macos12 (x86_64)
--
-- Host: localhost    Database: DB2018009216
-- ------------------------------------------------------
-- Server version	8.0.30

/*!40101 SET @OLD_CHARACTER_SET_CLIENT=@@CHARACTER_SET_CLIENT */;
/*!40101 SET @OLD_CHARACTER_SET_RESULTS=@@CHARACTER_SET_RESULTS */;
/*!40101 SET @OLD_COLLATION_CONNECTION=@@COLLATION_CONNECTION */;
/*!50503 SET NAMES utf8 */;
/*!40103 SET @OLD_TIME_ZONE=@@TIME_ZONE */;
/*!40103 SET TIME_ZONE='+00:00' */;
/*!40014 SET @OLD_UNIQUE_CHECKS=@@UNIQUE_CHECKS, UNIQUE_CHECKS=0 */;
/*!40014 SET @OLD_FOREIGN_KEY_CHECKS=@@FOREIGN_KEY_CHECKS, FOREIGN_KEY_CHECKS=0 */;
/*!40101 SET @OLD_SQL_MODE=@@SQL_MODE, SQL_MODE='NO_AUTO_VALUE_ON_ZERO' */;
/*!40111 SET @OLD_SQL_NOTES=@@SQL_NOTES, SQL_NOTES=0 */;

--
-- Table structure for table `room`
--

DROP TABLE IF EXISTS `room`;
/*!40101 SET @saved_cs_client     = @@character_set_client */;
/*!50503 SET character_set_client = utf8mb4 */;
CREATE TABLE `room` (
  `room_id` int NOT NULL,
  `building_id` int DEFAULT NULL,
  `occupancy` int DEFAULT NULL,
  PRIMARY KEY (`room_id`)
) ENGINE=InnoDB DEFAULT CHARSET=utf8mb4 COLLATE=utf8mb4_0900_ai_ci;
/*!40101 SET character_set_client = @saved_cs_client */;

--
-- Dumping data for table `room`
--

LOCK TABLES `room` WRITE;
/*!40000 ALTER TABLE `room` DISABLE KEYS */;
INSERT INTO `room` VALUES (1,305,140),(2,305,40),(3,305,40),(4,305,40),(5,305,40),(6,305,40),(7,305,30),(8,305,35),(9,305,40),(10,305,40),(11,305,50),(12,305,100),(13,305,40),(14,305,50),(15,305,40),(16,305,40),(17,305,50),(18,305,40),(19,305,40),(20,618,40),(21,618,40),(22,618,40),(23,618,50),(24,618,40),(25,618,40),(26,618,80),(27,618,40),(28,618,120),(29,618,40),(30,618,40),(31,618,50),(32,618,40),(33,618,40),(34,618,30),(35,401,40),(36,401,40),(37,401,40),(38,401,40),(39,401,50),(40,401,40),(41,401,40),(42,401,40),(43,401,40),(44,401,50),(45,401,40),(46,401,40),(47,401,40),(48,401,45),(49,401,40),(50,401,40),(51,401,100),(52,401,40),(53,401,40),(54,401,120),(55,304,40),(56,304,40),(57,304,40),(58,304,40),(59,304,40),(60,304,40),(61,304,40),(62,304,40),(63,304,40),(64,304,50),(65,304,40),(66,304,40),(67,304,40),(68,306,40),(69,306,40),(70,306,40),(71,306,40),(72,306,40),(73,212,40),(74,212,80),(75,212,40),(76,212,40),(77,212,40),(78,212,40),(79,212,100),(80,212,40),(81,212,40),(82,212,40),(83,212,40),(84,212,40),(85,212,40),(86,212,40),(87,212,30),(88,212,40),(89,212,40),(90,212,40),(91,212,40),(92,212,40),(93,212,40),(94,212,40),(95,212,40),(96,212,40),(97,212,35),(98,212,40),(99,212,40),(100,212,40),(101,212,40),(102,212,40),(103,212,40),(104,212,40),(105,212,40),(106,212,45),(107,211,40),(108,211,40),(109,211,40),(110,211,40),(111,211,40),(112,211,40),(113,211,40),(114,211,55),(115,211,40),(116,211,40),(117,211,40),(118,211,40),(119,211,40),(120,211,40),(121,211,40),(122,211,40),(123,211,65),(124,211,40),(125,211,40),(126,211,40),(127,211,40),(128,211,40),(129,211,40),(130,208,40),(131,208,40),(132,208,110),(133,208,40),(134,208,40),(135,208,40),(136,208,40),(137,604,40),(138,604,40),(139,604,40),(140,604,90),(141,604,40),(142,604,40),(143,604,40),(144,604,40),(145,604,40),(146,407,40),(147,407,70),(148,407,40),(149,407,40),(150,407,40),(151,407,40),(152,407,40),(153,407,40),(154,407,60),(155,407,40),(156,408,40),(157,408,40),(158,408,40),(159,408,40),(160,408,40),(161,408,40),(162,408,40),(163,408,65),(164,408,40),(165,408,40),(166,408,40),(167,408,40),(168,408,40),(169,507,120),(170,507,40),(171,507,40),(172,507,40),(173,507,80),(174,507,40),(175,507,40),(176,507,40),(177,507,40),(178,507,40),(179,507,35),(180,507,40),(181,507,55),(182,507,40),(183,507,40),(184,507,45),(185,507,40),(186,507,40),(187,504,40),(188,504,95),(189,504,40),(190,504,40),(191,504,40),(192,504,40),(193,504,40),(194,504,40),(195,504,40),(196,504,40),(197,504,84),(198,504,50),(199,504,40);
/*!40000 ALTER TABLE `room` ENABLE KEYS */;
UNLOCK TABLES;
/*!40103 SET TIME_ZONE=@OLD_TIME_ZONE */;

/*!40101 SET SQL_MODE=@OLD_SQL_MODE */;
/*!40014 SET FOREIGN_KEY_CHECKS=@OLD_FOREIGN_KEY_CHECKS */;
/*!40014 SET UNIQUE_CHECKS=@OLD_UNIQUE_CHECKS */;
/*!40101 SET CHARACTER_SET_CLIENT=@OLD_CHARACTER_SET_CLIENT */;
/*!40101 SET CHARACTER_SET_RESULTS=@OLD_CHARACTER_SET_RESULTS */;
/*!40101 SET COLLATION_CONNECTION=@OLD_COLLATION_CONNECTION */;
/*!40111 SET SQL_NOTES=@OLD_SQL_NOTES */;

-- Dump completed on 2022-11-08 20:10:57
-- MySQL dump 10.13  Distrib 8.0.30, for macos12 (x86_64)
--
-- Host: localhost    Database: DB2018009216
-- ------------------------------------------------------
-- Server version	8.0.30

/*!40101 SET @OLD_CHARACTER_SET_CLIENT=@@CHARACTER_SET_CLIENT */;
/*!40101 SET @OLD_CHARACTER_SET_RESULTS=@@CHARACTER_SET_RESULTS */;
/*!40101 SET @OLD_COLLATION_CONNECTION=@@COLLATION_CONNECTION */;
/*!50503 SET NAMES utf8 */;
/*!40103 SET @OLD_TIME_ZONE=@@TIME_ZONE */;
/*!40103 SET TIME_ZONE='+00:00' */;
/*!40014 SET @OLD_UNIQUE_CHECKS=@@UNIQUE_CHECKS, UNIQUE_CHECKS=0 */;
/*!40014 SET @OLD_FOREIGN_KEY_CHECKS=@@FOREIGN_KEY_CHECKS, FOREIGN_KEY_CHECKS=0 */;
/*!40101 SET @OLD_SQL_MODE=@@SQL_MODE, SQL_MODE='NO_AUTO_VALUE_ON_ZERO' */;
/*!40111 SET @OLD_SQL_NOTES=@@SQL_NOTES, SQL_NOTES=0 */;

--
-- Table structure for table `student`
--

DROP TABLE IF EXISTS `student`;
/*!40101 SET @saved_cs_client     = @@character_set_client */;
/*!50503 SET character_set_client = utf8mb4 */;
CREATE TABLE `student` (
  `student_id` int NOT NULL,
  `password` text,
  `name` text,
  `sex` text,
  `major_id` int DEFAULT NULL,
  `lecturer_id` int DEFAULT NULL,
  `year` int DEFAULT NULL,
  `state` int DEFAULT NULL,
  PRIMARY KEY (`student_id`)
) ENGINE=InnoDB DEFAULT CHARSET=utf8mb4 COLLATE=utf8mb4_0900_ai_ci;
/*!40101 SET character_set_client = @saved_cs_client */;

--
-- Dumping data for table `student`
--

LOCK TABLES `student` WRITE;
/*!40000 ALTER TABLE `student` DISABLE KEYS */;
INSERT INTO `student` VALUES (2018003125,'125125125','정남아','female',44,2001032011,4,0),(2018004052,'39nnf2','김관유','male',4,2001032064,3,0),(2019499349,'2bn4','이현주','female',5,2001032031,4,0),(2020004003,'banila','김동관','male',33,2001032030,3,0),(2020004203,'qwe123','주정현','male',2,2001021002,3,0),(2020004533,'35234','한준희',' male',3,2001032070,3,0),(2020040404,'x17171771','김다미','female',15,2001032068,3,0),(2020394929,'3425nn5','이지은','female',1,2001032085,3,0),(2021001445,'7007','노선영','female',4,2001032010,2,0),(2021004004,'foxfoxfox','윤준영','male',22,2001032004,2,0),(2021004394,'goodboy','윤인욱','male',1,2001032004,2,0),(2021030128,'food','윤지형','male',44,2001032078,2,0),(2021030303,'arandomkey','최다비드','male',34,2001032031,2,0),(2021040051,'zeroone234','최아랑','female',19,2001032078,2,0),(2022000001,'pw','김하나','male',44,2001032078,1,0),(2022001303,'192939','김다현','female',3,2001032009,1,0),(2022002331,'wer234','이상덕','male',2,2001032008,1,0),(2022005004,'hexahed','장두호','male',5,2001032081,1,0),(2022019493,'zerozero','임지훈','male',17,2001032003,1,0),(2022040404,'donkey','권지현','female',22,2001032053,1,0),(2022505050,'hellobaby','권희조','female',44,2001032078,1,0);
/*!40000 ALTER TABLE `student` ENABLE KEYS */;
UNLOCK TABLES;
/*!40103 SET TIME_ZONE=@OLD_TIME_ZONE */;

/*!40101 SET SQL_MODE=@OLD_SQL_MODE */;
/*!40014 SET FOREIGN_KEY_CHECKS=@OLD_FOREIGN_KEY_CHECKS */;
/*!40014 SET UNIQUE_CHECKS=@OLD_UNIQUE_CHECKS */;
/*!40101 SET CHARACTER_SET_CLIENT=@OLD_CHARACTER_SET_CLIENT */;
/*!40101 SET CHARACTER_SET_RESULTS=@OLD_CHARACTER_SET_RESULTS */;
/*!40101 SET COLLATION_CONNECTION=@OLD_COLLATION_CONNECTION */;
/*!40111 SET SQL_NOTES=@OLD_SQL_NOTES */;

-- Dump completed on 2022-11-08 20:10:56
MySQL dump 10.13  Distrib 8.0.30, for macos12 (x86_64)
--
-- Host: localhost    Database: DB2018009216
-- ------------------------------------------------------
-- Server version	8.0.30

/*!40101 SET @OLD_CHARACTER_SET_CLIENT=@@CHARACTER_SET_CLIENT */;
/*!40101 SET @OLD_CHARACTER_SET_RESULTS=@@CHARACTER_SET_RESULTS */;
/*!40101 SET @OLD_COLLATION_CONNECTION=@@COLLATION_CONNECTION */;
/*!50503 SET NAMES utf8 */;
/*!40103 SET @OLD_TIME_ZONE=@@TIME_ZONE */;
/*!40103 SET TIME_ZONE='+00:00' */;
/*!40014 SET @OLD_UNIQUE_CHECKS=@@UNIQUE_CHECKS, UNIQUE_CHECKS=0 */;
/*!40014 SET @OLD_FOREIGN_KEY_CHECKS=@@FOREIGN_KEY_CHECKS, FOREIGN_KEY_CHECKS=0 */;
/*!40101 SET @OLD_SQL_MODE=@@SQL_MODE, SQL_MODE='NO_AUTO_VALUE_ON_ZERO' */;
/*!40111 SET @OLD_SQL_NOTES=@@SQL_NOTES, SQL_NOTES=0 */;

--
-- Table structure for table `time1`
--

DROP TABLE IF EXISTS `time1`;
/*!40101 SET @saved_cs_client     = @@character_set_client */;
/*!50503 SET character_set_client = utf8mb4 */;
CREATE TABLE `time1` (
  `time_id` int NOT NULL,
  `class_id` int DEFAULT NULL,
  `period` int DEFAULT NULL,
  `begin` text,
  `end` text,
  PRIMARY KEY (`time_id`)
) ENGINE=InnoDB DEFAULT CHARSET=utf8mb4 COLLATE=utf8mb4_0900_ai_ci;
/*!40101 SET character_set_client = @saved_cs_client */;

--
-- Dumping data for table `time1`
--

LOCK TABLES `time1` WRITE;
/*!40000 ALTER TABLE `time1` DISABLE KEYS */;
INSERT INTO `time1` VALUES (2,8834,1,'1900-01-02T12:00:00.000Z','1900-01-02T14:00:00.000Z'),(3,8837,1,'1900-01-03T17:30:00.000Z','1900-01-03T19:00:00.000Z'),(4,8840,1,'1900-01-04T17:30:00.000Z','1900-01-04T19:00:00.000Z'),(5,8843,1,'1900-01-02T18:30:00.000Z','1900-01-02T20:00:00.000Z'),(6,8846,1,'1900-01-03T20:30:00.000Z','1900-01-03T21:30:00.000Z'),(7,8849,1,'1900-01-04T18:00:00.000Z','1900-01-04T19:30:00.000Z'),(8,8852,1,'1900-01-02T17:00:00.000Z','1900-01-02T18:30:00.000Z'),(9,8855,1,'1900-01-01T16:30:00.000Z','1900-01-01T18:00:00.000Z'),(10,8858,1,'1900-01-02T18:30:00.000Z','1900-01-02T20:00:00.000Z'),(11,8861,1,'1900-01-02T12:00:00.000Z','1900-01-02T13:30:00.000Z'),(12,8864,1,'1900-01-06T19:00:00.000Z','1900-01-06T21:00:00.000Z'),(13,8867,1,'1900-01-02T17:30:00.000Z','1900-01-02T19:00:00.000Z'),(14,8870,1,'1900-01-02T13:30:00.000Z','1900-01-02T15:00:00.000Z'),(15,8873,1,'1900-01-02T19:00:00.000Z','1900-01-02T20:30:00.000Z'),(16,8876,1,'1900-01-02T16:00:00.000Z','1900-01-02T18:00:00.000Z'),(17,8879,1,'1900-01-01T16:00:00.000Z','1900-01-01T17:30:00.000Z'),(18,8882,1,'1900-01-04T12:00:00.000Z','1900-01-04T14:00:00.000Z'),(19,8885,1,'1900-01-02T12:00:00.000Z','1900-01-02T13:30:00.000Z'),(20,8888,1,'1900-01-01T19:00:00.000Z','1900-01-01T20:30:00.000Z'),(21,8891,1,'1900-01-02T19:00:00.000Z','1900-01-02T23:00:00.000Z'),(22,8894,1,'1900-01-02T13:30:00.000Z','1900-01-02T15:00:00.000Z'),(23,8897,1,'1900-01-02T16:00:00.000Z','1900-01-02T18:00:00.000Z'),(24,8900,1,'1900-01-02T18:00:00.000Z','1900-01-02T19:30:00.000Z'),(25,8903,1,'1900-01-01T18:00:00.000Z','1900-01-01T19:00:00.000Z'),(26,8906,1,'1900-01-01T12:00:00.000Z','1900-01-01T13:30:00.000Z'),(27,8909,1,'1900-01-06T15:00:00.000Z','1900-01-06T17:00:00.000Z'),(28,8912,1,'1900-01-02T16:00:00.000Z','1900-01-02T17:30:00.000Z'),(29,8915,1,'NO','NO'),(30,8918,1,'1900-01-06T15:00:00.000Z','1900-01-06T17:00:00.000Z'),(31,8921,1,'1900-01-02T16:00:00.000Z','1900-01-02T17:30:00.000Z'),(32,8924,1,'1900-01-01T16:00:00.000Z','1900-01-01T17:30:00.000Z'),(33,8927,1,'1900-01-05T11:00:00.000Z','1900-01-06T13:00:00.000Z'),(34,8930,1,'1900-01-01T13:30:00.000Z','1900-01-01T15:00:00.000Z'),(35,8832,1,'1900-01-01T13:00:00.000Z','1900-01-01T14:00:00.000Z'),(36,8835,1,'1900-01-01T12:00:00.000Z','1900-01-01T13:30:00.000Z'),(37,8838,1,'1900-01-06T12:00:00.000Z','1900-01-06T14:00:00.000Z'),(38,8841,1,'1900-01-06T12:00:00.000Z','1900-01-06T14:00:00.000Z'),(39,8844,1,'1900-01-01T12:00:00.000Z','1900-01-01T14:00:00.000Z'),(40,8847,1,'1900-01-02T17:00:00.000Z','1900-01-02T18:30:00.000Z'),(41,8850,1,'1900-01-01T13:30:00.000Z','1900-01-01T15:00:00.000Z'),(42,8853,1,'1900-01-02T14:00:00.000Z','1900-01-02T16:00:00.000Z'),(43,8856,1,'1900-01-01T18:00:00.000Z','1900-01-01T19:30:00.000Z'),(44,8859,1,'1900-01-04T19:00:00.000Z','1900-01-04T20:30:00.000Z'),(45,8862,1,'1900-01-04T20:30:00.000Z','1900-01-04T22:00:00.000Z'),(46,8865,1,'1900-01-05T17:30:00.000Z','1900-01-05T19:00:00.000Z'),(47,8868,1,'1900-01-01T17:30:00.000Z','1900-01-01T19:00:00.000Z'),(48,8871,1,'1900-01-02T19:00:00.000Z','1900-01-02T20:30:00.000Z'),(49,8874,1,'1900-01-02T16:00:00.000Z','1900-01-02T17:30:00.000Z'),(50,8877,1,'1900-01-03T19:00:00.000Z','1900-01-03T20:30:00.000Z'),(51,8880,1,'1900-01-01T16:00:00.000Z','1900-01-01T17:00:00.000Z'),(52,8883,1,'1900-01-02T17:30:00.000Z','1900-01-02T19:00:00.000Z'),(53,8886,1,'1900-01-02T13:30:00.000Z','1900-01-02T15:00:00.000Z'),(54,8889,1,'1900-01-01T16:00:00.000Z','1900-01-01T17:30:00.000Z'),(55,8892,1,'1900-01-02T17:30:00.000Z','1900-01-02T19:00:00.000Z'),(56,8895,1,'1900-01-01T12:00:00.000Z','1900-01-01T13:30:00.000Z'),(57,8898,1,'1900-01-05T11:00:00.000Z','1900-01-06T13:00:00.000Z'),(58,8901,1,'1900-01-04T09:00:00.000Z','1900-01-04T11:00:00.000Z'),(59,8904,1,'1900-01-02T13:30:00.000Z','1900-01-02T15:00:00.000Z'),(60,8907,1,'1900-01-01T13:30:00.000Z','1900-01-01T15:00:00.000Z'),(61,8910,1,'1900-01-05T11:00:00.000Z','1900-01-05T13:00:00.000Z'),(62,8913,1,'1900-01-02T19:00:00.000Z','1900-01-02T21:00:00.000Z'),(63,8916,1,'1900-01-01T17:30:00.000Z','1900-01-01T19:00:00.000Z'),(64,8919,1,'1900-01-03T17:30:00.000Z','1900-01-03T19:00:00.000Z'),(65,8922,1,'1900-01-01T12:00:00.000Z','1900-01-01T13:30:00.000Z'),(66,8925,1,'1900-01-01T13:30:00.000Z','1900-01-01T15:00:00.000Z'),(67,8928,1,'1900-01-03T17:30:00.000Z','1900-01-03T19:00:00.000Z'),(68,8931,1,'1900-01-01T19:00:00.000Z','1900-01-01T21:00:00.000Z'),(69,8833,1,'1900-01-04T14:00:00.000Z','1900-01-04T15:30:00.000Z'),(70,8836,1,'1900-01-01T14:00:00.000Z','1900-01-01T15:30:00.000Z'),(71,8839,1,'1900-01-01T16:00:00.000Z','1900-01-01T17:30:00.000Z'),(72,8842,1,'1900-01-02T16:00:00.000Z','1900-01-02T17:30:00.000Z'),(73,8845,1,'1900-01-01T16:00:00.000Z','1900-01-01T17:00:00.000Z'),(74,8848,1,'1900-01-03T16:30:00.000Z','1900-01-03T18:00:00.000Z'),(75,8851,1,'1900-01-03T18:00:00.000Z','1900-01-03T19:30:00.000Z'),(76,8854,1,'1900-01-02T13:00:00.000Z','1900-01-02T15:00:00.000Z'),(77,8857,1,'1900-01-01T19:30:00.000Z','1900-01-01T21:30:00.000Z'),(78,8860,1,'1900-01-03T16:00:00.000Z','1900-01-03T17:30:00.000Z'),(79,8863,1,'1900-01-02T13:30:00.000Z','1900-01-02T15:00:00.000Z'),(80,8866,1,'1900-01-03T16:00:00.000Z','1900-01-03T17:30:00.000Z'),(81,8869,1,'1900-01-01T19:00:00.000Z','1900-01-01T20:30:00.000Z'),(82,8872,1,'1900-01-01T15:30:00.000Z','1900-01-01T17:30:00.000Z'),(83,8875,1,'1900-01-05T16:00:00.000Z','1900-01-05T17:30:00.000Z'),(84,8878,1,'1900-01-01T17:30:00.000Z','1900-01-01T19:00:00.000Z'),(85,8881,1,'1900-01-06T12:00:00.000Z','1900-01-06T14:00:00.000Z'),(86,8884,1,'1900-01-01T17:30:00.000Z','NO'),(87,8887,1,'1900-01-01T12:00:00.000Z','1900-01-01T13:30:00.000Z'),(88,8890,1,'1900-01-06T15:00:00.000Z','1900-01-06T17:00:00.000Z'),(89,8893,1,'1900-01-01T16:00:00.000Z','1900-01-01T17:30:00.000Z'),(91,8834,2,'1900-01-04T12:00:00.000Z','1900-01-04T14:00:00.000Z'),(92,8837,2,'1900-01-05T17:30:00.000Z','1900-01-05T19:00:00.000Z'),(93,8840,2,'1900-01-05T17:30:00.000Z','1900-01-05T19:00:00.000Z'),(94,8843,2,'1900-01-03T19:00:00.000Z','1900-01-03T20:30:00.000Z'),(95,8849,2,'1900-01-05T18:00:00.000Z','1900-01-05T19:30:00.000Z'),(96,8852,2,'1900-01-05T16:30:00.000Z','1900-01-05T18:00:00.000Z'),(97,8855,2,'1900-01-03T16:30:00.000Z','1900-01-03T18:00:00.000Z'),(98,8858,2,'1900-01-05T13:30:00.000Z','1900-01-05T15:00:00.000Z'),(99,8861,2,'1900-01-04T16:00:00.000Z','1900-01-04T17:30:00.000Z'),(100,8867,2,'1900-01-02T19:00:00.000Z','1900-01-02T20:30:00.000Z'),(101,8870,2,'1900-01-04T16:00:00.000Z','1900-01-04T17:30:00.000Z'),(102,8873,2,'1900-01-04T13:30:00.000Z','1900-01-04T15:00:00.000Z'),(103,8876,2,'1900-01-02T18:00:00.000Z','1900-01-02T20:00:00.000Z'),(104,8879,2,'1900-01-04T19:00:00.000Z','1900-01-04T20:30:00.000Z'),(105,8882,2,'1900-01-04T14:00:00.000Z','1900-01-04T16:00:00.000Z'),(106,8885,2,'1900-01-05T16:00:00.000Z','1900-01-05T17:30:00.000Z'),(107,8888,2,'1900-01-03T16:00:00.000Z','1900-01-03T17:30:00.000Z'),(108,8894,2,'1900-01-04T13:30:00.000Z','1900-01-04T15:00:00.000Z'),(109,8897,2,'1900-01-04T16:00:00.000Z','1900-01-04T18:00:00.000Z'),(110,8900,2,'1900-01-04T19:00:00.000Z','1900-01-04T20:30:00.000Z'),(111,8903,2,'1900-01-03T17:30:00.000Z','1900-01-03T19:00:00.000Z'),(112,8906,2,'1900-01-03T12:00:00.000Z','1900-01-03T13:30:00.000Z'),(113,8912,2,'1900-01-03T17:30:00.000Z','1900-01-03T19:00:00.000Z'),(114,8921,2,'1900-01-04T19:30:00.000Z','1900-01-04T21:00:00.000Z'),(115,8924,2,'1900-01-03T12:00:00.000Z','1900-01-03T13:30:00.000Z'),(116,8930,2,'1900-01-03T13:30:00.000Z','1900-01-03T15:00:00.000Z'),(117,8832,2,'1900-01-03T13:00:00.000Z','1900-01-03T14:00:00.000Z'),(118,8835,2,'1900-01-03T12:00:00.000Z','1900-01-03T13:30:00.000Z'),(119,8847,2,'1900-01-04T13:30:00.000Z','1900-01-04T15:00:00.000Z'),(120,8850,2,'1900-01-03T13:30:00.000Z','1900-01-03T15:00:00.000Z'),(121,8856,2,'1900-01-03T18:00:00.000Z','1900-01-03T19:30:00.000Z'),(122,8859,2,'1900-01-05T19:00:00.000Z','1900-01-05T20:30:00.000Z'),(123,8862,2,'1900-01-05T20:30:00.000Z','1900-01-05T22:00:00.000Z'),(124,8865,2,'1900-01-05T19:00:00.000Z','1900-01-05T20:30:00.000Z'),(125,8868,2,'1900-01-03T17:30:00.000Z','1900-01-03T19:00:00.000Z'),(126,8871,2,'1900-01-04T13:30:00.000Z','1900-01-04T15:00:00.000Z'),(127,8874,2,'1900-01-04T12:00:00.000Z','1900-01-04T13:30:00.000Z'),(128,8877,2,'1900-01-05T13:30:00.000Z','1900-01-05T15:00:00.000Z'),(129,8880,2,'1900-01-01T17:00:00.000Z','1900-01-01T21:00:00.000Z'),(130,8883,2,'1900-01-04T17:30:00.000Z','1900-01-04T19:00:00.000Z'),(131,8886,2,'1900-01-04T13:30:00.000Z','1900-01-04T15:00:00.000Z'),(132,8889,2,'1900-01-03T16:00:00.000Z','1900-01-03T17:30:00.000Z'),(133,8892,2,'1900-01-04T16:00:00.000Z','1900-01-04T17:30:00.000Z'),(134,8895,2,'1900-01-03T17:30:00.000Z','1900-01-03T19:00:00.000Z'),(135,8901,2,'1900-01-05T16:00:00.000Z','1900-01-05T18:00:00.000Z'),(136,8904,2,'1900-01-04T13:30:00.000Z','1900-01-04T15:00:00.000Z'),(137,8907,2,'1900-01-03T13:30:00.000Z','1900-01-03T15:00:00.000Z'),(138,8913,2,'1900-01-02T21:00:00.000Z','1900-01-02T23:00:00.000Z'),(139,8916,2,'1900-01-03T12:00:00.000Z','1900-01-03T13:30:00.000Z'),(140,8919,2,'1900-01-05T17:30:00.000Z','1900-01-05T19:00:00.000Z'),(141,8922,2,'1900-01-02T13:30:00.000Z','1900-01-02T15:00:00.000Z'),(142,8925,2,'1900-01-03T13:30:00.000Z','1900-01-03T16:00:00.000Z'),(143,8928,2,'1900-01-05T13:30:00.000Z','1900-01-05T15:00:00.000Z'),(144,8833,2,'1900-01-05T13:30:00.000Z','1900-01-05T15:00:00.000Z'),(145,8836,2,'1900-01-03T16:00:00.000Z','1900-01-03T17:30:00.000Z'),(146,8839,2,'1900-01-04T19:00:00.000Z','1900-01-04T20:30:00.000Z'),(147,8842,2,'1900-01-04T16:00:00.000Z','1900-01-04T17:30:00.000Z'),(148,8845,2,'1900-01-01T17:00:00.000Z','1900-01-01T19:00:00.000Z'),(149,8848,2,'1900-01-04T13:30:00.000Z','1900-01-04T15:00:00.000Z'),(150,8851,2,'1900-01-05T16:00:00.000Z','1900-01-05T17:30:00.000Z'),(151,8857,2,'1900-01-04T16:00:00.000Z','1900-01-04T18:00:00.000Z'),(152,8860,2,'1900-01-05T16:00:00.000Z','1900-01-05T17:30:00.000Z'),(153,8863,2,'1900-01-05T13:30:00.000Z','1900-01-05T15:00:00.000Z'),(154,8866,2,'1900-01-05T16:00:00.000Z','1900-01-05T17:30:00.000Z'),(155,8869,2,'1900-01-02T16:00:00.000Z','1900-01-02T17:30:00.000Z'),(156,8872,2,'1900-01-04T09:00:00.000Z','1900-01-04T11:00:00.000Z'),(157,8875,2,'1900-01-05T17:30:00.000Z','1900-01-05T19:00:00.000Z'),(158,8878,2,'1900-01-03T13:30:00.000Z','1900-01-03T15:00:00.000Z'),(159,8881,2,'1900-01-06T14:00:00.000Z','1900-01-06T16:00:00.000Z'),(160,8887,2,'1900-01-03T12:00:00.000Z','1900-01-03T13:30:00.000Z'),(161,8893,2,'1900-01-02T16:00:00.000Z','1900-01-02T17:30:00.000Z'),(162,9999,1,'1900-01-01T09:00:00.000Z','1900-01-01T11:00:00.000Z'),(163,9999,2,'1900-01-03T11:00:00.000Z','1900-01-03T15:00:00.000Z'),(164,99999,1,'1900-01-01T11:00:00.000Z','1900-01-01T12:00:00.000Z');
/*!40000 ALTER TABLE `time1` ENABLE KEYS */;
UNLOCK TABLES;
/*!40103 SET TIME_ZONE=@OLD_TIME_ZONE */;

/*!40101 SET SQL_MODE=@OLD_SQL_MODE */;
/*!40014 SET FOREIGN_KEY_CHECKS=@OLD_FOREIGN_KEY_CHECKS */;
/*!40014 SET UNIQUE_CHECKS=@OLD_UNIQUE_CHECKS */;
/*!40101 SET CHARACTER_SET_CLIENT=@OLD_CHARACTER_SET_CLIENT */;
/*!40101 SET CHARACTER_SET_RESULTS=@OLD_CHARACTER_SET_RESULTS */;
/*!40101 SET COLLATION_CONNECTION=@OLD_COLLATION_CONNECTION */;
/*!40111 SET SQL_NOTES=@OLD_SQL_NOTES */;

-- Dump completed on 2022-11-08 20:10:56
-- MySQL dump 10.13  Distrib 8.0.30, for macos12 (x86_64)
--
-- Host: localhost    Database: DB2018009216
-- ------------------------------------------------------
-- Server version	8.0.30

/*!40101 SET @OLD_CHARACTER_SET_CLIENT=@@CHARACTER_SET_CLIENT */;
/*!40101 SET @OLD_CHARACTER_SET_RESULTS=@@CHARACTER_SET_RESULTS */;
/*!40101 SET @OLD_COLLATION_CONNECTION=@@COLLATION_CONNECTION */;
/*!50503 SET NAMES utf8 */;
/*!40103 SET @OLD_TIME_ZONE=@@TIME_ZONE */;
/*!40103 SET TIME_ZONE='+00:00' */;
/*!40014 SET @OLD_UNIQUE_CHECKS=@@UNIQUE_CHECKS, UNIQUE_CHECKS=0 */;
/*!40014 SET @OLD_FOREIGN_KEY_CHECKS=@@FOREIGN_KEY_CHECKS, FOREIGN_KEY_CHECKS=0 */;
/*!40101 SET @OLD_SQL_MODE=@@SQL_MODE, SQL_MODE='NO_AUTO_VALUE_ON_ZERO' */;
/*!40111 SET @OLD_SQL_NOTES=@@SQL_NOTES, SQL_NOTES=0 */;

--
-- Table structure for table `user`
--

DROP TABLE IF EXISTS `user`;
/*!40101 SET @saved_cs_client     = @@character_set_client */;
/*!50503 SET character_set_client = utf8mb4 */;
CREATE TABLE `user` (
  `userID` varchar(15) DEFAULT NULL,
  `userPassword` varchar(20) DEFAULT NULL,
  `userName` varchar(20) DEFAULT NULL,
  `userGender` varchar(20) DEFAULT NULL,
  `userEmail` varchar(30) DEFAULT NULL
) ENGINE=InnoDB DEFAULT CHARSET=utf8mb4 COLLATE=utf8mb4_0900_ai_ci;
/*!40101 SET character_set_client = @saved_cs_client */;

--
-- Dumping data for table `user`
--

LOCK TABLES `user` WRITE;
/*!40000 ALTER TABLE `user` DISABLE KEYS */;
INSERT INTO `user` VALUES ('user','pwd','나유저','무성','user@hanyang.ac.kr'),('123','123','123','여자','123@123'),('asd','asd','이름','여자','asd@gmail.com'),('12','12','최','남자','han@han'),('1212','1212','이름이','여자','han2@han');
/*!40000 ALTER TABLE `user` ENABLE KEYS */;
UNLOCK TABLES;
/*!40103 SET TIME_ZONE=@OLD_TIME_ZONE */;

/*!40101 SET SQL_MODE=@OLD_SQL_MODE */;
/*!40014 SET FOREIGN_KEY_CHECKS=@OLD_FOREIGN_KEY_CHECKS */;
/*!40014 SET UNIQUE_CHECKS=@OLD_UNIQUE_CHECKS */;
/*!40101 SET CHARACTER_SET_CLIENT=@OLD_CHARACTER_SET_CLIENT */;
/*!40101 SET CHARACTER_SET_RESULTS=@OLD_CHARACTER_SET_RESULTS */;
/*!40101 SET COLLATION_CONNECTION=@OLD_COLLATION_CONNECTION */;
/*!40111 SET SQL_NOTES=@OLD_SQL_NOTES */;

-- Dump completed on 2022-11-08 20:10:56
-- MySQL dump 10.13  Distrib 8.0.30, for macos12 (x86_64)
--
-- Host: localhost    Database: DB2018009216
-- ------------------------------------------------------
-- Server version	8.0.30

/*!40101 SET @OLD_CHARACTER_SET_CLIENT=@@CHARACTER_SET_CLIENT */;
/*!40101 SET @OLD_CHARACTER_SET_RESULTS=@@CHARACTER_SET_RESULTS */;
/*!40101 SET @OLD_COLLATION_CONNECTION=@@COLLATION_CONNECTION */;
/*!50503 SET NAMES utf8 */;
/*!40103 SET @OLD_TIME_ZONE=@@TIME_ZONE */;
/*!40103 SET TIME_ZONE='+00:00' */;
/*!40014 SET @OLD_UNIQUE_CHECKS=@@UNIQUE_CHECKS, UNIQUE_CHECKS=0 */;
/*!40014 SET @OLD_FOREIGN_KEY_CHECKS=@@FOREIGN_KEY_CHECKS, FOREIGN_KEY_CHECKS=0 */;
/*!40101 SET @OLD_SQL_MODE=@@SQL_MODE, SQL_MODE='NO_AUTO_VALUE_ON_ZERO' */;
/*!40111 SET @OLD_SQL_NOTES=@@SQL_NOTES, SQL_NOTES=0 */;

--
-- Table structure for table `wishList`
--

DROP TABLE IF EXISTS `wishList`;
/*!40101 SET @saved_cs_client     = @@character_set_client */;
/*!50503 SET character_set_client = utf8mb4 */;
CREATE TABLE `wishList` (
  `id` int NOT NULL AUTO_INCREMENT,
  `student_id` int DEFAULT NULL,
  `class_id` text,
  PRIMARY KEY (`id`)
) ENGINE=MyISAM AUTO_INCREMENT=23 DEFAULT CHARSET=utf8mb3;
/*!40101 SET character_set_client = @saved_cs_client */;

--
-- Dumping data for table `wishList`
--

LOCK TABLES `wishList` WRITE;
/*!40000 ALTER TABLE `wishList` DISABLE KEYS */;
INSERT INTO `wishList` VALUES (1,1,NULL),(17,2018003125,'8837'),(16,2018003125,'8883'),(19,2018003125,'8834'),(20,2018003125,'8927'),(21,2018003125,'8834'),(22,2018003125,'8834');
/*!40000 ALTER TABLE `wishList` ENABLE KEYS */;
UNLOCK TABLES;
/*!40103 SET TIME_ZONE=@OLD_TIME_ZONE */;

/*!40101 SET SQL_MODE=@OLD_SQL_MODE */;
/*!40014 SET FOREIGN_KEY_CHECKS=@OLD_FOREIGN_KEY_CHECKS */;
/*!40014 SET UNIQUE_CHECKS=@OLD_UNIQUE_CHECKS */;
/*!40101 SET CHARACTER_SET_CLIENT=@OLD_CHARACTER_SET_CLIENT */;
/*!40101 SET CHARACTER_SET_RESULTS=@OLD_CHARACTER_SET_RESULTS */;
/*!40101 SET COLLATION_CONNECTION=@OLD_COLLATION_CONNECTION */;
/*!40111 SET SQL_NOTES=@OLD_SQL_NOTES */;

-- Dump completed on 2022-11-08 20:10:56

